SOZZWCE1498AB7BE1F,Cartório,"Claudia Leitte",ARELANP125FEF31D72,"studio, electric, vocal",0,0.770566,0.061795,100.08,0.043702,0.213507,0,0,4,167.8946,-4.47,0.711841,0.729602
SOZZRYN13B1EAC99CF,Prisencolinensinainciusol,"Adriano Celentano",ARNSM981187B98B40C,"studio, electric, vocal",4,0.457697,0.414672,109.151,0.147051,0.351758,1.0E-5,0,4,196.93288,-18.399,0.260408,0.82583
SOZZQRF12A8C134FBB,Tunnoton,"Jenni Vartiainen",ARD2VKC1187FB57F38,"studio, vocal",5,0.333994,0.105966,125.969,0.029539,0.794835,0.01974,0,4,256.27932,-8.774,0.220831,0.54393
SOZZOBI13E84ED6BBD,Elephant,"Alexandra Burke",ARMYAEZ12086C11AD9,"studio, electric, vocal",11,0.693571,0.135614,134.988,0.3546,0.021365,2.0E-6,1,4,228.06354,-9.667,0.434399,0.568679
SOZZLKT12B3A1B4A91,"Faith Noel","Trans-Siberian Orchestra",AR5IG761187B9A1A4E,"acoustic, studio, christmas",0,0.335689,0.159776,100.252,0.040303,0.97957,0.890424,1,4,279.93288,-13.655,0.1361,0.295458
SOZZINQ13AAD121E48,"Half Gate","Grizzly Bear",ARRDRI71187FB46EAA,"studio, electric",5,0.800632,0.214466,84.936,0.046335,0.135384,0.678248,1,4,329.94023,-6.839,0.41578,0.429806
SOZZARR13DBCA1AAAB,"Janani Janani (feat. Ilaiyaraaja)",Ilaiyaraaja,AR7ML5Z1187B9963EE,"acoustic, studio, vocal",10,0.484139,0.369044,93.18,0.032557,0.951509,0.002484,1,4,388.99955,-12.249,0.650813,0.494046
SOZYZBA13FFC34B23B,"你把我灌醉 (Intoxicated)",G.E.M.,AR64J711187FB4F40D,"studio, electric, vocal",9,0.509536,0.114175,119.941,0.032187,0.115155,3.1E-5,1,4,285.19025,-6.856,0.079072,0.600301
SOZYYRC1315CD47286,"True Blue","Mindi Abair",AREBSB41187FB5C962,"studio, electric, vocal",4,0.615404,0.246458,115.98,0.033669,0.191307,0.073286,0,4,266.26621,-5.732,0.524387,0.742808
SOZYYDJ14385FE34CE,"Beautiful Moon",10cm,ARYEWVE12BEF24FA69,"studio, electric, vocal",7,0.530531,0.304028,107.959,0.054191,0.128564,0,1,4,266.77406,-9.663,0.640041,0.703411
SOZYVPR1374288C8B7,"Jorden Er Giftig","Joey Moe",ARVOHFA1187B99EA07,"studio, electric, vocal",5,0.737433,0.294738,131.972,0.039672,0.01001,0.000242,0,4,224.78621,-6.593,0.527457,0.650025
SOZYQYP147E6665169,Nostalgie,Trummer,AR64D811187B994C3C,"studio, electric, vocal",5,0.587143,0.164789,142.99,0.028962,0.086494,0.046777,1,4,309.43556,-7.309,0.298379,0.552556
SOZYPCO146877A8BAF,"Party Up",Destructo,ARZHOAQ12AA0D8EFE4,"studio, electric",1,0.665355,0.098016,121.99,0.046339,0.022151,0.182277,1,4,235.69628,-7.023,0.385921,0.918689
SOZYOWH130516E2CB9,"Nothin' On You (feat. Jay Park)",B.o.B,ARKQQZA12086C116FC,"studio, vocal",10,0.889705,0.078764,103.967,0.045294,0.600213,0,1,4,265.29914,-3.552,0.783062,0.724626
SOZYOBN14219E5F210,Bellissimo,Modà,ARL3S3N1187B9AABEE,"studio, electric, vocal",1,0.601862,0.067146,132.005,0.028674,0.099374,0,1,4,213.93288,-6.674,0.155189,0.495475
SOZYMYI1487180EE4C,"No Type","Rae Sremmurd",AROVIDL144862CEC08,"studio, electric, vocal",1,0.476552,0.094346,125.036,0.152155,0.02259,5.0E-6,1,4,199.06667,-8.588,0.199559,0.862877
SOZYJUZ137324FF86D,"BY YOUR SIDE","Tenth Avenue North",ARIAFCM1187B9A104F,"studio, electric",7,0.317534,0.110048,130.084,0.02879,0.263911,0.642254,1,4,225.69751,-16.333,0.039813,0.451351
SOZYIJI12AB0185207,"Big In Japan","Ane Brun",ARV1Q341187B9B96C9,"acoustic, studio, vocal",2,0.095395,0.111897,146.241,0.041609,0.946618,9.0E-5,0,3,189.81986,-14.029,0.506303,0.440724
SOZYIDT146D4923218,"THANK YOU(reprise)",宮野真守,ARQY0411187FB445FA,"studio, vocal",8,0.651081,0.181164,114.933,0.028552,0.495734,0,1,4,252.54667,-6.245,0.682335,0.714138
SOZYGIQ1462DCE36A9,Lolita,Stoneman,AR9XIFX1187FB4D4AD,"studio, electric, vocal",4,0.920294,0.308643,138.046,0.079435,0.001696,0.319267,0,4,252.62621,-3.84,0.364895,0.564292
SOZYEEF13EB8B5EB9D,Cocoon,Ali,ARJ3TH41187FB4CF2E,"studio, electric, vocal",1,0.605525,0.092074,127.967,0.026873,0.028584,9.2E-5,1,4,220.82721,-10.385,0.614417,0.686517
SOZYCQJ149DFCF9481,"Monos Mou","Kostas Martakis",ARABMIE125094075F4,"studio, vocal",2,0.591254,0.155774,143.87,0.029018,0.599103,0,0,4,211.95129,-5.947,0.536301,0.553034
SOZYBJP1376A7B4DCC,"Una Storia Importante","Eros Ramazzotti",ARIGWNC1187FB57B6B,"studio, electric, vocal",10,0.730423,0.061171,125.421,0.041849,0.157068,9.0E-6,0,4,248.28,-5.726,0.324792,0.582128
SOZYBIC149A6F50A9E,"If They Knew","Rick Ross",ARNAIMI1187FB5733C,"studio, electric, vocal",5,0.806544,0.556096,184.322,0.272849,0.01287,0,0,4,267.73342,-4.657,0.643995,0.31827
SOZXVBV1498B25E512,"Summer Love",Yseult,ARMFAYK146258FB657,"studio, electric, vocal",0,0.768843,0.146666,153.907,0.030118,0.189311,1.0E-6,1,4,181.06667,-6.523,0.54305,0.557865
SOZXRYQ146FE91429F,"Todo lo que Soy (a dueto con Alex Ubago)","Maite Perroni",ARECIQQ13833B91C5B,"studio, electric, vocal",11,0.831435,0.29754,125.98,0.03309,0.344397,0,0,4,229.38667,-4.531,0.823507,0.735354
SOZXPVZ147E81CDE2B,Promises,"Wiz Khalifa",ARN0GFV1187FB508CC,"studio, electric, vocal",4,0.586128,0.403141,140.637,0.050983,0.026524,0,1,5,210.69333,-5.718,0.246935,0.599015
SOZXMUX141CE74645E,"Do It Again (Prod. NA)",Kelela,ARHRYGS13C1C29D2CA,"studio, vocal",7,0.39516,0.101584,129.02,0.038082,0.761868,0.0158,1,4,180.81914,-9.459,0.155944,0.640861
SOZXHTO143F18EDB8B,"Hoy Tengo Ganas De Ti","Alejandro Fernández",ARUXOWB1187FB3F562,"studio, electric, vocal",6,0.312829,0.078002,123.329,0.051826,0.355246,0,1,4,296.89601,-13.821,0.32087,0.366577
SOZXFLF13F66DB9243,"Why So Serious?",SHINee,ARD4ZPF11A348F0ACB,"studio, electric, vocal",6,0.973657,0.167571,110.016,0.075865,0.115125,0,1,4,219.66322,-1.575,0.591161,0.659673
SOZXFIP146F95173B8,"The Big Bang (Mack & Jet Set Vega Radio Edit)","Katy Tiz",ARDIMWV13ABD1425C6,"studio, electric, vocal",7,0.939527,0.324656,126.024,0.062998,0.006672,0.000448,0,4,214.40404,-4.618,0.655983,0.643407
SOZXFDV13E907D7791,"Aston Martin Music","Rick Ross",ARNAIMI1187FB5733C,"studio, electric, vocal",1,0.386038,0.077528,86.022,0.281196,0.055711,1.0E-6,1,4,378.46354,-15.196,0.359728,0.71303
SOZXEPS147F5FE3466,"Secrets featuring B.o.B","Mary Lambert",ARFOZPY122ECCBA3FD,"studio, electric, vocal",0,0.629613,0.240343,93.22,0.078639,0.044602,1.0E-6,1,4,233.11288,-5.623,0.797315,0.789403
SOZXAVZ143F5638C89,"Sunlo Zara Video | Ekk Deewana Tha | Prateik","A.R. Rahman",AR5PRZX1187FB3D02F,"electric, vocal",9,0.804819,0.723058,138.591,0.048868,0.313233,4.0E-6,1,4,241.18404,-9.558,0.84999,0.659015
SOZWWOO148759EF34E,"Aš žiūriu į Tave, Pasauli",Sel,ARCAOFX1187B98A4C9,"studio, electric, vocal",7,0.411236,0.111459,119.999,0.036713,0.135633,0.001153,1,4,295.01451,-14.367,0.642504,0.809685
SOZWWOO13D423F60D8,"Ice Box",MiM0SA,ARDQCVR132D578F8A2,"studio, electric",1,0.503738,0.057908,149.929,0.06048,0.000546,0.678621,1,4,219.27955,-6.539,0.366545,0.737145
SOZWWGL1498C2D653F,"HMP Shaun William Ryder",Mogwai,ARZ4XS71187B9AEF25,"instrumental, studio, electric",11,0.468672,0.083385,144.068,0.039962,0.137132,0.932814,0,4,312.72027,-11.329,0.137404,0.464873
SOZWRSO1466D9FACB2,"5 BC Star (Renegades Of Jazz Remix)",Kovacs,ARAHVXU11E2835E31D,"remix, studio, electric",2,0.456917,0.162584,117.997,0.029615,0.043682,0.882509,1,4,263.59955,-10.708,0.090517,0.604339
SOZWPNV142D1AEBC27,"Dream Team","Jeff Bernat",ARXUQYL142BBA3C6FC,"studio, electric, vocal",5,0.377904,0.095679,111.959,0.059475,0.332049,1.2E-5,0,3,279.37456,-6.901,0.437381,0.874308
SOZWPBJ147FC9F2925,"Live It Up",360,ARLGT1J1187B9AAE17,"studio, electric, vocal",8,0.675319,0.169376,111.076,0.068245,0.141373,0,1,4,217.61497,-5.958,0.179852,0.676847
SOZWOUA133F1461537,"YI RAN AI NI",王力宏,AR9PMQP1187B99AD79,"studio, vocal",9,0.380411,0.12692,147.968,0.060232,0.857377,0,1,4,244.59955,-10.131,0.383444,0.612714
SOZWNHO1417B271B99,"Pidao ta Kimata",Stavento,ARFJXND1187B993890,"live, electric, vocal",0,0.866352,0.943636,95.884,0.337169,0.138738,0,1,4,77.86621,-5.178,0.236397,0.368243
SOZWLDY1452353DF64,20.000,"Anders Nilsen",ARHNBZI14054F88D27,"studio, electric, vocal",0,0.958455,0.218716,136.094,0.099024,0.058221,0.001823,0,4,201.69991,-4.017,0.156139,0.562339
SOZWIWL140ABB472A3,"Talking Dreams",Echosmith,ARXDZWY137E74B02FB,"studio, electric, vocal",4,0.87634,0.18324,155.072,0.046054,7.0E-5,0.023831,1,4,189.57333,-5.561,0.455106,0.4182
SOZWEAX130516E01C7,"Wedding Dress",태양,ARLINBE12496DAB806,"studio, electric, vocal",0,0.675182,0.13147,133.952,0.037016,0.125723,0,1,4,242.41288,-4.792,0.659834,0.725621
SOZWCMN13CF483FE5C,"Whisper (Radio Edit)","Alex Velea",ARJECVX1338583529E,"studio, electric, vocal",3,0.906415,0.425459,128.018,0.049221,0.002846,0.000857,1,4,221.41587,-6.252,0.549487,0.6264
SOZVWUU147E98F06D3,"Lights On","FKA twigs",ARVDUQU14035F197BB,"studio, electric, vocal",11,0.45694,0.551659,149.989,0.076742,0.078161,0.00017,0,4,264.35995,-10.778,0.286392,0.405901
SOZVSRS1498E61E0B3,18,"One Direction",ARZHFAY130708EE366,"studio, electric, vocal",6,0.56999,0.117409,124.062,0.030796,0.209822,0,0,4,248.35955,-7.809,0.247629,0.676083
SOZVSRS1498E61E0B3,18,"One Direction",ARZHFAY130708EE366,"studio, electric, vocal",6,0.56999,0.117409,124.062,0.030796,0.209822,0,0,4,248.35955,-7.809,0.247629,0.676083
SOZVSIP13C19ED6DE6,"Madhuram Gayathi","Shreya Ghoshal",ARFOKIY11F50C4C27E,"studio, vocal",7,0.585478,0.087394,173.588,0.068709,0.58437,0,0,4,257.71955,-7.438,0.346611,0.359648
SOZVOVA14942226EE8,"Put Your Hands Up (Original Extended Mix)",Rebel,ARXPGY51187B9B3287,"remix, studio, electric",10,0.986552,0.450243,127.994,0.048087,0.000566,0.710917,1,4,268.59374,-2.469,0.617094,0.682423
SOZVMMI14373B6B09E,Complicated,"Avril Lavigne",ARY53RR1187B9AE485,"studio, electric, vocal",5,0.67196,0.352707,77.981,0.068154,0.098254,1.0E-6,1,4,252.19156,-10.097,0.551295,0.547853
SOZVKWH12AB0187AB8,Victory,Soprano,ARI9DDK1187FB4FD68,"studio, vocal",0,0.724155,0.103483,119.969,0.134502,0.55998,0,0,4,263.95955,-7.784,0.432687,0.497152
SOZVGMH13167714D4D,"I Will Rise","Chris Tomlin",ARER3QP1187B9A8DC4,"studio, electric, vocal",11,0.319165,0.084058,82.03,0.028808,0.371504,0,1,4,300.37288,-7.132,0.269887,0.436745
SOZVFCR146EC89F208,"Hold On",SBTRKT,AROMQSM12AA0D8E02B,"studio, electric, vocal",0,0.416207,0.104142,131.293,0.041027,0.288915,0.335121,1,4,205.07215,-9.65,0.430718,0.732209
SOZVCZP14744BFFFC3,Streets,Kensington,ARJKJKP11E2835E6D3,"studio, electric, vocal",6,0.6571,0.153732,168.287,0.037667,0.000463,0.007111,1,4,185.17288,-8.906,0.498096,0.334678
SOZVBOK1492F98BAAB,"Prayer in C","Lilly Wood & The Prick",AREOJFX12B364E9FD1,"studio, vocal",9,0.309574,0.082453,93.996,0.028414,0.458588,5.2E-5,0,4,157.57333,-5.77,0.291452,0.770085
SOZVBDI1485B804C06,"Places To Go",Anouk,ARMLOSJ1187B98B08C,"studio, electric, vocal",0,0.686673,0.141691,94.984,0.022972,0.00991,5.0E-6,0,4,224.95796,-4.955,0.176792,0.591578
SOZVADD13EAA927775,"Wakanda (Radio Edit)","Dimitri Vegas and Like Mike",ARXBNMD12496DAB7D2,"studio, electric",5,0.969877,0.512233,130.016,0.075682,0.000333,0.673582,0,4,182.76902,-2.077,0.226939,0.580501
SOZUTJP1372C36BAD4,"OUT OF TIME",Blur,ARKVITV1187B9AE854,"studio, electric",0,0.147962,0.42069,138.82,0.034968,0.103869,0.849955,1,4,218.17424,-19.889,0.385117,0.519983
SOZUSNR14373B7946E,Karton,"Mark Forster",ARKMCGL13586C70E3E,"studio, electric, vocal",10,0.542077,0.103761,83.109,0.043896,0.112078,7.0E-6,1,4,200.92757,-11.014,0.640122,0.349835
SOZUQWG14570643647,"Alt Dudak","Hande Yener",ARHEQS81187FB4010B,"studio, electric, vocal",7,0.794088,0.367836,128.003,0.062479,0.068006,0,1,4,274.25524,-6.677,0.828728,0.73755
SOZUKLI1474C395BF3,Sternenkinder,Klangkarussell,ARLVBQP139FF6C6B26,"studio, electric",7,0.700998,0.104703,121.997,0.050121,0.001113,0.726584,1,4,451.02621,-7.689,0.104598,0.741264
SOZUGDL148759470DE,"0 To 100 / The Catch Up",Drake,ARODZUF11F4C841E1F,"studio, vocal",4,0.707703,0.206177,88.847,0.347731,0.736206,0,0,4,275.05415,-4.352,0.514402,0.728202
SOZUDNA1442DF33D2A,"3,2,1","Marcos & Belutti",ARUGEKA12509415ECA,"electric, vocal",7,0.780786,0.781911,137.968,0.068543,0.135583,0,1,4,161.41288,-3.132,0.599005,0.624024
SOZUBBO137A5850AF0,"Com Touch",Clark,ARKTQPC1187FB39A2F,"studio, electric",10,0.943387,0.337076,89.978,0.042841,0.193795,0.856457,0,4,263.83955,-7.665,0.325666,0.533917
SOZUASJ13EF0898641,Pontoon,"Emma Louise",ARTUXIJ132F422D481,"studio, electric, vocal",6,0.623767,0.115542,113.948,0.057587,0.082691,0.202571,0,4,285.26667,-9.667,0.167834,0.3498
SOZTRFU13D116EFFAD,"The World Is a Marble Heart",AJR,ARBNYLE12B5A5B2430,"studio, electric, vocal",7,0.815085,0.08622,169.875,0.27801,0.087879,3.0E-6,0,4,202.5878,-4.215,0.583086,0.48655
SOZTQQH1452C8C9024,"Scary Christmas",Hedegaard,ARFYPBH132F422D09A,"studio, christmas, vocal, electric",10,0.887023,0.122907,140.011,0.032277,0.00725,0.334558,0,3,227.19819,-6.556,0.334363,0.615222
SOZTPCB146443F9236,"Deewana Hai Dekho","Alka Yagnik",AR34J8S1187B98B0F2,"studio, electric, vocal",7,0.712036,0.303591,102,0.177067,0.1625,2.0E-6,1,4,332.25556,-8.506,0.598275,0.776232
SOZTMWM143869CC9E9,"Everyone Is Gay","A Great Big World",ARGPAWB13B0169D793,"studio, electric, vocal",9,0.810431,0.068345,149.176,0.071317,0.030383,0,1,4,130.19383,-6.147,0.428675,0.524036
SOZTKDP141BB53626D,"Dorono Metronome (Instrumental)",HKT48,ARXQLOS1355920276D,"studio, electric",7,0.956623,0.279959,114.004,0.02926,0.000141,0.512323,0,4,274.66621,-6.511,0.569859,0.576348
SOZTJNM147E9810690,"Back Home (feat. Cosmo Klein) - Original Mix",MYNGA,ARYBSMM147C7D204F5,"studio, electric, vocal",6,0.681624,0.048713,124.012,0.033355,0.003394,0.037033,0,4,334.35043,-6.57,0.502328,0.702684
SOZTGOZ144056B2A9C,"Run For Cover",Cazzette,ARYHCTU139DFC86831,"studio, electric, vocal",8,0.788083,0.33681,127.552,0.088777,0.008601,0.074606,0,4,256.12803,-10.068,0.125616,0.430956
SOZTDUC141BAF67E96,"Tere Naal Naal","Jawad Ahmed",ARKXPUU1269FB2F3C3,"studio, electric, vocal",11,0.958095,0.050231,140.02,0.043036,0.108977,2.0E-6,0,4,301.94893,-8.726,0.966453,0.687577
SOZSXEB1498BDAD4C4,"Wait On Me - Sundai Remix",Rixton,ARVSBMZ141E66AF00B,"remix, studio, electric, vocal",11,0.890393,0.113116,121.956,0.074768,0.007041,8.0E-6,0,4,216.87955,-5.174,0.426411,0.678311
SOZSWMS12B5526E7C9,Inhale,"James Michael",ARNRGR71187FB479D5,"studio, electric",9,0.439699,0.14911,110.95,0.028143,0.021859,0.586252,1,4,214.04689,-14.814,0.869205,0.652503
SOZSVWA1498A9B8206,"Could She Be Mine","Donny Osmond",AROISHY1187FB38884,"studio, electric, vocal",2,0.849505,0.341684,95.896,0.111654,0.122769,0,1,4,199.93488,-5.027,0.769477,0.609599
SOZSVUL145189E53E6,"Miss Calculation","Elina Born",ARUWWEO13D2928018F,"studio, electric, vocal",2,0.902043,0.211856,123.009,0.050434,0.031696,0,1,4,208.17256,-5.329,0.568553,0.716682
SOZSTBB143A03B70B5,"Pretty Thing",Broods,ARYDKFJ141C2787EEE,"studio, electric, vocal",0,0.775629,0.105711,122.081,0.029997,0.011275,0.012154,1,4,196.78145,-7.652,0.374281,0.561544
SOZSQZA13ADE718377,Guap,"Big Sean",ARGG7S81187FB511E9,"studio, vocal",1,0.71172,0.615586,146.033,0.151664,0.509512,0,1,4,270.38621,-6.218,0.538606,0.647251
SOZSPBD146478BB7AF,"Watch The World Go By (Original Extended Mix)",Rebel,ARXPGY51187B9B3287,"remix, studio, electric, vocal",5,0.88656,0.280528,127.98,0.041461,0.00447,0.002608,0,4,343.3883,-3.779,0.550227,0.664438
SOZSNGD146D43EFA36,"Watch Out For This (Bumaye)","Major Lazer",ARLGOUD12298900ACE,"studio, electric, vocal",1,0.862212,0.06475,108.099,0.194463,0.038407,2.0E-6,1,4,207.42621,-3.387,0.894438,0.7976
SOZSKAK13E993445CA,"Don't Get It Confused",KAYTRANADA,ARJBOIF13D19662E96,"studio, electric",8,0.631344,0.136392,76.916,0.105811,0.030466,0.676277,0,4,168.31937,-3.426,0.2209,0.756776
SOZSJJR147D3413BE7,"A Little Piece Of Heaven","Avenged Sevenfold",ARC9CR51187FB51A13,"live, electric, vocal",2,0.569154,0.913099,144.995,0.037251,0.028094,1.0E-6,0,4,461.58322,-16.764,0.681171,0.485678
SOZSEVC131677152C4,"Ich Will Immer Wieder... Dieses Fieber Spür'n","Helene Fischer",ARAWDKF1187FB4563A,"studio, electric, vocal",2,0.883801,0.133592,121.064,0.03726,0.220485,0,0,4,208,-3.219,0.566183,0.723491
SOZSEGV144CA92EDF7,"One Day (Vandaag) - Radio Edit",Bakermat,ARZHOMO13A1DC8A72B,"studio, vocal",5,0.539217,0.378733,127.996,0.032646,0.719954,0.053107,1,4,219.06667,-7.66,0.576943,0.654664
SOZSCXW142D1AE00F4,"Mind vs Heart","Jeff Bernat",ARXUQYL142BBA3C6FC,"studio, vocal",5,0.422258,0.135413,88.07,0.173009,0.557311,4.0E-6,0,4,227.85392,-9.47,0.54473,0.686213
SOZRXSH1482D4EB03E,Bad,"The Madden Brothers",ARECSUU135592042F4,"studio, electric, vocal",5,0.772983,0.063936,103.005,0.029902,0.001209,1.0E-5,1,4,220.55791,-7.749,0.864582,0.691374
SOZRSRI14640F7C4BE,"Gecko (Overdrive) - Radio Edit","Oliver Heldens",ARSWVFF13F2EC8D3F6,"studio, electric, vocal",0,0.777689,0.1616,124.953,0.062804,0.008497,1.9E-5,1,4,166.21333,-8.667,0.738668,0.625516
SOZRSDW141215EC520,"House Of The Rising Sun","Five Finger Death Punch",AR7UF591187FB51325,"studio, electric, vocal",4,0.964107,0.103847,77.002,0.133817,0.001251,0.007348,0,4,247.38621,-2.88,0.282677,0.426017
SOZRMGI144C6D88D94,"Dare (La La La)",Shakira,AR6PJ8R1187FB5AD70,"studio, electric, vocal",11,0.724125,0.123185,128.027,0.069599,0.065278,3.0E-5,1,4,184.26952,-5.23,0.660921,0.795015
SOZRMER1498ABECF65,"Lapin kesä","Paula Koivuniemi",AR6GC1B1187FB437F5,"studio, vocal",9,0.351584,0.120201,115.159,0.030392,0.562675,0,0,4,250.48,-8.206,0.313778,0.573103
SOZRLYY148A4AEF04C,"My Love (Sigma Remix (A2B Sub Zero Edit))","Jess Glynne",ARDVNQH14408EC0258,"remix, studio, electric, vocal",8,0.746055,0.319319,174.493,0.061469,0.001087,0.009816,1,4,242.1024,-13.305,0.065977,0.507558
SOZRKQN144E68A5CD0,"Ross Ross Ross",SebastiAn,ARD84NU1187FB3E47E,"instrumental, studio, electric",0,0.768934,0.313631,125.965,0.087327,4.4E-5,0.917141,1,4,198.65288,-7.916,0.367703,0.701875
SOZRGOP146F67DBC66,Tremor,"Dimitri Vegas",ARPMQIO1241B9C506A,"studio, electric",11,0.900428,0.379196,128.113,0.030042,0.001018,0.84899,1,4,188.17288,-5.822,0.470354,0.581104
SOZRGNA144A4802DD1,"Follow me",GOT7,ARHUYTG143DF2F4007,"studio, electric, vocal",6,0.918919,0.139402,173.967,0.259994,0.063481,1.0E-6,1,4,190.85288,-3.814,0.774649,0.709264
SOZREWQ143B906C162,"Y Así Fue","Julion Alvarez y Su Norteno Banda",ARXFFTB122988FD1A5,"studio, vocal",4,0.59437,0.137456,114.98,0.041565,0.700041,4.0E-6,0,3,166.19955,-5.396,0.972578,0.737197
SOZREIG13FC540B686,"Shunkan Sentimental",Scandal,ARIE45X1187FB475B1,"studio, electric, vocal",9,0.943828,0.370557,167.893,0.063306,0.008927,0,1,4,226.69596,-2.082,0.659404,0.509463
SOZRDAB142D1AF49A3,Lavish,"Jeff Bernat",ARXUQYL142BBA3C6FC,"studio, vocal",2,0.404429,0.083473,70.002,0.438706,0.712031,2.0E-6,1,4,221.1424,-7.503,0.797281,0.808592
SOZRCQO146252E05C7,Spy,BAP,ARLFIAZ1187B98C522,"studio, electric, vocal",1,0.952828,0.050651,106.023,0.140144,0.01548,1.0E-6,1,4,189.63955,-2.08,0.945057,0.760664
SOZRBSG147E7ED5709,Panic,257ers,ARBMUHR138B988A4DF,"studio, electric, vocal",5,0.885476,0.1476,111.977,0.073417,0.034318,0,0,4,182.16,-4.329,0.85664,0.84782
SOZQUYG13E7F683D7F,"Something Good Can Work","Two Door Cinema Club",ARTZBIR11E2835CB43,"studio, electric, vocal",5,0.833445,0.29507,119.939,0.032019,0.003878,1.1E-5,1,4,158.79955,-8.469,0.949466,0.666561
SOZQOSV14311047C1D,"Loco featuring India Martinez","Enrique Iglesias",ARDCFNZ1187FB3DDB0,"studio, vocal",7,0.502269,0.116375,145.968,0.027077,0.664379,0,1,4,192.93333,-3.724,0.226323,0.619099
SOZQLXJ13E8FC3785D,Comme,"Roch Voisine",AREPWXH1187B99019B,"studio, electric, vocal",11,0.580671,0.128667,137.795,0.042022,0.35825,0.000349,0,4,224.83156,-10.288,0.347889,0.395431
SOZQKSM13F451E5DE1,"Nie Patrze W Dol",Liber,ARNY7M01187B9B1BAD,"studio, vocal",6,0.649315,0.113439,129.797,0.043621,0.40681,0,1,4,194.95288,-4.696,0.236413,0.67849
SOZQFDX14988355E83,"No Love","어반 자카파",ARPISDQ1422BABDD31,"studio, vocal",10,0.33844,0.097819,139.853,0.032688,0.594616,0,1,3,270.62667,-6.718,0.311599,0.580639
SOZQEXV1474CACA00A,"Faz Tempo (Ao Vivo)","Henrique & Juliano",ARLZKAF13D8AAAC3B4,"studio, vocal",7,0.936559,0.516305,167.586,0.127019,0.596699,0,1,4,179.65288,-4.187,0.738733,0.477653
SOZQBRC1498D31DC98,Vaahtopäät,Atomirotta,ARLCITS14696C2090E,"studio, vocal",10,0.794005,0.227336,115.085,0.031163,0.610945,9.2E-5,1,4,226.2,-5.048,0.547614,0.751924
SOZQAWP147E559768F,Morgensonne,Trummer,AR64D811187B994C3C,"studio, electric, vocal",7,0.403864,0.11608,135.844,0.037484,0.234765,0.000343,1,4,261.20472,-8.449,0.066678,0.388367
SOZPYQP13F36395C5E,"Entrega de Amor","Los Ángeles Azules",ARR75TN1187FB5146B,"studio, vocal",0,0.586523,0.107653,86.051,0.030565,0.563994,0,0,4,174.98621,-4.58,0.838178,0.685729
SOZPXCN1463A819E9C,"En til","OnklP & De Fjerne Slektningene",ARSHXWJ143549DA560,"studio, electric, vocal",6,0.854546,0.092345,77.613,0.070877,0.366303,0,1,4,202.30621,-2.717,0.557058,0.590283
SOZPWHH1401BE5FD33,"Sua varten",Robin,ARBTIDM1187B9A7AED,"studio, vocal",5,0.549003,0.214924,121.885,0.047414,0.436351,0,0,4,202.65732,-10.788,0.600175,0.578135
SOZPVWH147E6F504B6,"Waves (Robin Schulz Radio Edit)","Mr. Probz",ARMTPRF1269FCD5C94,"instrumental, acoustic, studio",2,0.231794,0.190037,228.903,0.038603,0.964082,0.92923,0,3,506.85342,-11.208,0.11599,0.117906
SOZPVTG14415DA91B8,"Nu juorno buono","Rocco Hunt",ARMPXSP13B48012B35,"acoustic, studio, vocal",9,0.615307,0.134644,69.553,0.573517,0.949703,0.000798,0,3,198.73959,-10.397,0.851286,0.489784
SOZPOVZ13E90684D34,"Oh My (Remix)","DJ Drama",ARMYONR1187FB58236,"remix, studio, electric, vocal",6,0.578388,0.05624,90.392,0.179093,0.014429,0,1,5,305.31156,-8.925,0.444653,0.626587
SOZPLAO14875920D7C,"Love Who Loves You Back","Tokio Hotel",ARVVHDT1187FB5C668,"studio, electric, vocal",1,0.868508,0.147344,107.99,0.045925,0.000548,1.0E-6,1,4,230.21333,-3.834,0.570863,0.602992
SOZPKWM13F451F0199,"Moze Ktos Ja Zna",Liber,ARNY7M01187B9B1BAD,"studio, electric, vocal",5,0.805336,0.142828,180.06,0.186533,0.118373,1.0E-6,0,4,191.4517,-5.863,0.645616,0.334541
SOZPKMR1498F3E07C8,"Cherry Funk",KAYTRANADA,ARJBOIF13D19662E96,"studio, electric",9,0.562964,0.070571,120.025,0.049078,0.014056,0.841257,0,4,165.66685,-6.524,0.587153,0.885303
SOZPKBD14874E52E2B,"Warm Minds (Radio Mix)","Robin Schulz",ARYQOAT1359C24C8BB,"remix, studio, vocal",11,0.646694,0.147811,120.001,0.061989,0.624852,0.286217,0,4,204.01333,-7.222,0.222492,0.51988
SOZPBKT14526332513,"Tim (Live Version)",Moderndog,AR5IKIZ1187B9A526A,"studio, electric, vocal",4,0.977951,0.697855,135.026,0.167737,0.052569,0.001214,1,4,341.51955,-4.953,0.26856,0.512423
SOZOXXO147E60C0D2A,Dive,Caribou,ARLH82S1187FB4DF10,"instrumental, studio",8,0.658147,0.156923,78.254,0.044179,0.779436,0.975636,1,4,126.46667,-9.576,0.102714,0.26686
SOZOWVP13E67AE2ECA,Temptation,Monophonics,ARMOWFM11EB9C81923,"studio, electric",6,0.610053,0.230774,75.645,0.032847,0.020951,0.843232,1,4,360.10621,-7.478,0.227271,0.325638
SOZOULC134EDB0528F,Psychiatrist,Broncho,ARNUUHB1187FB3F52A,"studio, electric, vocal",2,0.884962,0.383604,100.059,0.043162,0.00014,0.001169,1,4,125.25252,-7.457,0.636137,0.312918
SOZOQIE146AC7BFCBA,Lemonade,"Danity Kane",AR4503S1187FB43199,"studio, electric, vocal",11,0.6903,0.117213,97.134,0.09732,0.219537,4.0E-6,1,4,274.59873,-5.388,0.725755,0.761026
SOZOPPW12AB017DFD8,Animal,"La Ley",ARU7HD21187FB3607E,"live, electric, vocal",9,0.74245,0.966588,129.331,0.038586,0.21028,0.032233,1,4,345.95955,-5.682,0.259991,0.567627
SOZOPJE148D932245D,"Se Thymamai (feat. Duomo)",Melisses,ARKMZSU1269FCD5FBE,"studio, electric, vocal",7,0.702696,0.613939,127.748,0.077959,0.000131,0,1,4,31.09333,-4.615,0.960782,0.593417
SOZONHJ13F1282EE62,"Boom Boom","Justice Crew",ARUYCMA12B3B353F4D,"studio, electric, vocal",3,0.848226,0.338789,125.802,0.16031,0.068347,8.7E-5,0,4,240.57601,-6.454,0.773023,0.804274
SOZOJQT13E86C1664F,"O Granfino e o Caipira (Video)","Victor & Leo",ARERWOH11E2835EC6B,"studio, vocal",2,0.578491,0.459632,80.636,0.072754,0.683896,0,1,4,251.13556,-13.07,0.808447,0.521252
SOZOIVG1372FD55A0F,"The Wrong Direction",Passenger,ARMTZR11187B9AD0C2,"studio, electric, vocal",5,0.580609,0.127212,127.962,0.043582,0.388821,0,1,4,219.05288,-9.302,0.819746,0.69035
SOZOIOP148EDFFD1CD,Smil,"OnklP & De Fjerne Slektningene",ARSHXWJ143549DA560,"studio, electric, vocal",2,0.942596,0.292545,160.01,0.088489,0.004215,2.0E-6,1,4,162.12,-3.213,0.847341,0.555805
SOZOIJJ13741611581,"Hey Smukke",Jokeren,ARRLJ5L1187B998242,"studio, electric, vocal",8,0.567815,0.283244,101.01,0.314996,0.200826,0,1,4,191.28553,-9.019,0.74663,0.893981
SOZOHQY13B1F817E97,"It's Not Over",Panama,ARTOA5I1187B9A4CEF,"studio, electric, vocal",2,0.823337,0.313815,130.025,0.053416,0.300603,0.260062,1,4,278.61007,-10.48,0.3836,0.635068
SOZODSA148F62EBDFB,Houston,diMaro,ARNLZUF122BCFC9FAC,"instrumental, studio, electric",5,0.843364,0.117082,127.997,0.033365,0.000806,0.92288,0,4,266.29814,-6.967,0.056669,0.654333
SOZOCTI1494A3562FD,Kotonoha,"秦 基博",ARPUXEV1269FB2696E,"studio, vocal",4,0.20379,0.075475,76.448,0.032505,0.790923,0,1,4,310.82186,-9.639,0.289328,0.523901
SOZOCHT12C106D070A,"In My Arms",Plumb,ARLRS331187B9AE3F7,"studio, vocal",3,0.543458,0.121848,115.027,0.027825,0.413427,0.019872,0,4,243.94621,-4.202,0.055832,0.524996
SOZOBDZ14490D4EA1E,Now,Joywave,ARLZFVA12EC561CBCB,"studio, electric, vocal",1,0.880549,0.094849,126,0.063693,0.005129,0.00398,1,4,264.50621,-6.258,0.308581,0.574457
SOZOAFW13737116860,"Ishq Da Charkha","Daler Mehndi",ARAA1VM1187B994013,"studio, vocal",2,0.96251,0.313522,97.546,0.111453,0.581074,0.000628,1,4,302.62621,-6.118,0.647889,0.778814
SOZNXSV1376F423173,"Junto Al Amanecer","J. ALVAREZ",ARXTUHC1252CCF940A,"studio, electric, vocal",6,0.690188,0.271199,169.979,0.037889,0.234759,3.0E-6,0,4,251.09333,-6.062,0.762776,0.613979
SOZNXHX1457842AD38,"Wieder am Leben","Andreas Bourani",ARUDDNT130708ED1B1,"studio, electric, vocal",2,0.88078,0.132274,153.883,0.036238,0.004555,0,1,4,224.49288,-3.815,0.585839,0.536647
SOZNSFH135CC4E35DD,"If I Ain't Got You","Alicia Keys",AR52EZT1187B9900BF,"studio, vocal",7,0.484875,0.109654,117.809,0.099165,0.516842,1.1E-5,1,3,230.99166,-8.876,0.158125,0.576107
SOZNPHU147F6591CF3,"Forever Young","Thomas Stenström",ARSNBNN12B3B353D93,"studio, electric, vocal",0,0.708272,0.3984,171.852,0.036429,0.058278,0,1,4,249.92,-5.222,0.322533,0.345825
SOZNORI13FDEF0690F,Weapon,Cazzette,ARYHCTU139DFC86831,"studio, electric, vocal",3,0.848901,0.065018,127.975,0.058283,0.134172,2.3E-5,1,4,189.73288,-3.476,0.841686,0.689702
SOZNMZC141F776EB61,"Who Are You","Fifth Harmony",ARJMGRN13F3ABCE000,"studio, vocal",8,0.297987,0.136109,123.083,0.029632,0.883837,0,1,4,236.70376,-7.322,0.268835,0.631086
SOZNLFI141A3C67E1A,"Silver And Gold","Burl Ives",ARN69L01187B99DFFA,"studio, christmas, vocal",9,0.36894,0.349863,70.018,0.029177,0.720937,5.4E-5,0,4,104.33261,-7.154,0.339505,0.295325
SOZNJJG12A8C13691A,Indoda,Mandoza,AR1ARQ11187FB5A8DE,"studio, electric, vocal",2,0.962639,0.326831,106.001,0.042192,0.007747,0.07636,1,4,264.50621,-4.31,0.685658,0.779325
SOZNEUW141BE5858AD,Destroyer,Panama,ARTOA5I1187B9A4CEF,"studio, electric",1,0.55029,0.08759,115.976,0.027011,0.039352,0.644201,1,4,312.47029,-9.052,0.354776,0.619014
SOZNAKQ1498A237515,"The Lord Is Out Of Control - Nils Frahm Remix",Mogwai,ARZ4XS71187B9AEF25,"remix, studio, electric",5,0.397137,0.088706,120.014,0.041887,0.165568,0.823645,1,3,294.14095,-10.643,0.066869,0.356988
SOZMYNC1470A2963B7,"Au royaume du bonhomme hiver","Maxime Landry",ARSFNCC12086C17876,"studio, vocal",6,0.442019,0.090133,131.042,0.033611,0.429332,0,0,4,156.47302,-7.525,0.627092,0.65841
SOZMPMV141E8DB135D,"La Puteria","Osmani Garcia",AROXJJJ1269FB3608C,"studio, vocal",9,0.954407,0.377469,98.003,0.041816,0.436374,6.1E-5,1,4,291.10812,-3.379,0.757003,0.704758
SOZMJTA1315CD4AA74,"Comin' To Your City","Big & Rich",ARLKCMN1187FB599FB,"studio, electric, vocal",9,0.943999,0.164591,99.027,0.085017,0.257795,0,0,4,207.13333,-1.422,0.66159,0.558715
SOZMHCO141B5CD4C89,"Tanto Amor","Abel Pintos",ARZBAU51187FB40CA7,"studio, electric, vocal",7,0.5413,0.176318,143.971,0.026049,0.097746,1.0E-6,0,4,228.28363,-7.356,0.265406,0.599795
SOZMHBP145222BE021,BBS,Kovacs,ARAHVXU11E2835E31D,"studio, vocal",10,0.39499,0.137198,134.027,0.083493,0.476679,0.000207,1,4,207.25288,-10.388,0.738487,0.936476
SOZMGUN13E9ACF4AFB,"Gül Kokusu","Burcu Güneş",ARBBDWJ1187B99443B,"studio, electric, vocal",5,0.829892,0.125957,134.948,0.054046,0.283629,0,0,4,313.3268,-5.378,0.803679,0.729102
SOZMGFY143FFCE08BB,"On Top Of The World","Imagine Dragons",ARRVRFP126FE025327,"studio, electric, vocal",11,0.418094,0.349315,104.014,0.177131,0.282445,0,1,4,181.05424,-15.221,0.428087,0.686453
SOZMGFM12A8BED02DF,"Lang Man Shou Ji","Jay Chou",ARPWKWP13A23CD2DEB,"studio, vocal",10,0.50692,0.129929,170.003,0.032499,0.646817,0.000198,1,4,240.39955,-8.321,0.399229,0.564856
SOZMEYI1498A4D12D3,"Sata kesää, tuhat yötä - Boogie Woogie Dancing Shoes","Toni Wirtanen",AR8ELJH1187FB3BD27,"studio, electric, vocal",0,0.92558,0.154027,128.024,0.033149,0.000256,0.004007,1,4,174.88,-4.636,0.634774,0.621605
SOZMCSZ1474609C89A,"The Weight","Shawn Mendes",ARPPLQX146B59A9035,"studio, vocal",10,0.490444,0.095745,77.667,0.054669,0.422692,0,1,4,183.51955,-6.952,0.307138,0.383494
SOZMCLT1478D2131D5,Blacklist,Exodus,AR5XBNF1187FB4BCAD,"live, electric, vocal",3,0.892388,0.934581,80.009,0.058099,0.000193,0.288879,1,4,357.95546,-6.54,0.399803,0.401087
SOZMAQK143863999D5,"Largadinho (feat. Zumba Fitness) [Ao Vivo]","Claudia Leitte",ARELANP125FEF31D72,"electric, vocal",1,0.798483,0.739254,114.042,0.058279,0.089919,0,1,4,217.02621,-7.694,0.551742,0.719306
SOZLWTX133EB86C89E,"Het Leven Is Mooi","Danny de Munk",AR2G2K11187FB55D70,"studio, electric, vocal",11,0.557439,0.270911,94.947,0.027982,0.321721,0,0,3,205.27955,-7.835,0.186857,0.61502
SOZLWHJ144A480B55F,"Look Like You Love It",Elliphant,ARYGXQH13A0DE0C99E,"studio, electric, vocal",1,0.823508,0.128032,82.684,0.304661,0.009373,0,1,4,195.85968,-2.763,0.69832,0.577198
SOZLVSE147454603A3,"Cómo Le Hago","Jorge Valenzuela",ARRHIGD144506F0E65,"studio, electric, vocal",9,0.578081,0.172832,115.077,0.027657,0.394656,0.000408,1,4,223.69288,-6.339,0.621773,0.705925
SOZLVPU13DC5386E83,"Mine Would Be You","Blake Shelton",ARV9LSS1187B98C471,"studio, electric, vocal",0,0.528763,0.335393,139.89,0.027556,0.133595,1.0E-6,1,4,239.50621,-6.945,0.340892,0.571839
SOZLVMW1498F313419,"Worldwide N*gga","Bobby Shmurda",ARIPMNV147731CA84A,"studio, electric, vocal",2,0.579116,0.139967,168.13,0.109966,0.02302,2.5E-5,1,4,189.85288,-5.475,0.213597,0.620277
SOZLSOJ1374056AA73,"I Agkalia Mou","Kostas Martakis",ARABMIE125094075F4,"studio, electric, vocal",5,0.399788,0.119314,131.882,0.031468,0.284603,0,1,4,185.75955,-8.119,0.210369,0.616578
SOZLQUO1487476017B,"Secreto Mexicano","Ariel Camacho",ARXMBEO146AB259A03,"studio, vocal",4,0.530045,0.113809,199.878,0.046982,0.69671,1.2E-5,1,3,240.58794,-4.932,0.775246,0.536481
SOZLLZG14875AB1E55,"She's a Keeper","Snootie Wild",ARTFDVD14403F239F8,"studio, electric, vocal",10,0.554161,0.346147,119.933,0.067176,0.126424,0,0,4,241.22599,-7.925,0.437525,0.751189
SOZLLYD14528766E2D,"Ilahi Reprise",Pritam,ARUKCBU1242077E505,"studio, electric, vocal",9,0.860371,0.14391,131.948,0.062616,0.284,2.8E-5,1,4,212.62467,-6.762,0.584706,0.610123
SOZLLQQ12A8C14252D,Story,絢香,ARUR0AL1187B9A72C5,"studio, electric, vocal",1,0.871805,0.070352,103.002,0.030999,0.038697,0,1,4,227.86621,-3.487,0.838863,0.63141
SOZLIUZ13EE1C2A342,"I Need My Girl","The National",ARUUSTM1187B98DB36,"studio, electric, vocal",0,0.444779,0.111386,125.986,0.035955,0.880086,0.027844,0,4,246.21823,-11.611,0.103599,0.51737
SOZLEJD13D66E99493,"Spaceman (Original Mix)",Hardwell,ARTARKC1241B9C4789,"studio, electric",3,0.742282,0.131281,127.992,0.077229,0.001147,0.854898,0,4,364.27673,-5.186,0.085177,0.469345
SOZKZTN12AB017E00C,"Cielo Market","La Ley",ARU7HD21187FB3607E,"live, electric, vocal",2,0.804495,0.943354,121.165,0.031106,0.173139,4.8E-5,1,4,230.75955,-5.215,0.475996,0.728704
SOZKYRF147E6630403,"Collide - Radio Edit","Laidback Luke",ARQIAEA1187FB4F9F9,"studio, electric, vocal",9,0.914381,0.250413,127.894,0.25051,0.011068,2.1E-5,1,4,190.81288,-5.582,0.27835,0.444988
SOZKXQB13E907B14CD,Respira,"Luis Fonsi",ARQFQKL1187FB3DD5D,"studio, electric, vocal",2,0.470668,0.344594,101.136,0.041712,0.186014,0,1,4,272.03156,-13.088,0.47668,0.275063
SOZKXFN1489F2591BC,"Dangerous (Oliver Remix)","Big Data",ARJAYEU13D5B2E0EA2,"remix, studio, electric, vocal",5,0.821478,0.100085,110.004,0.055826,0.04333,0.089888,1,4,277.65329,-3.954,0.143429,0.85341
SOZKVBZ127D9781081,"All Downhill From Here","New Found Glory",ARH9HS41187FB5BC6F,"studio, electric, vocal",9,0.931664,0.119309,167.924,0.087024,7.4E-5,0.000657,1,4,191.99955,-3.699,0.729251,0.419629
SOZKRQM1486DFDA937,"Malmö stad",Stress,ARMGY6J1187B996C08,"studio, electric, vocal",1,0.720582,0.07542,141.97,0.184576,0.148016,0,1,4,200.5,-5.531,0.371805,0.75744
SOZKQQI13F852D1EB1,"This Life","Josef Salvat",ARCZTBF13CD5136547,"studio, electric, vocal",7,0.351379,0.119217,123.969,0.04393,0.20046,4.5E-5,0,4,198.01769,-7.636,0.075531,0.62105
SOZKMUC1494D632555,Signals,Kdrew,ARNUKIB12C60E4EDBA,"studio, electric, vocal",4,0.903308,0.327652,125.02,0.067024,0.002354,0,0,4,197.76,-4.474,0.330507,0.544342
SOZKKRL13730099C99,"Kaç Kere","Gökhan Tepe",AR4DLZ811C8A415107,"studio, vocal",8,0.514768,0.092386,156.309,0.078865,0.400393,0,0,4,301.45261,-8.282,0.583715,0.536576
SOZKGJR1307A7E7F43,Bizness,tUnE-YaRdS,ARTOQES122BCFC9A04,"studio, electric, vocal",10,0.746033,0.112837,111.04,0.052179,0.084659,0.012499,0,4,263.86621,-6.101,0.592805,0.761428
SOZKDMT13BFA670403,"Ali Bomaye","The Game",ARPBTRI1187FB52457,"studio, electric, vocal",10,0.692122,0.404388,75.611,0.461339,0.021747,0,0,4,372.70621,-5.31,0.231327,0.379206
SOZKDMB12B0B80C4AC,"Asleep (2011 Remastered Version)","The Smiths",ARPN0Y61187B9ABAA0,"remix, studio",0,0.257472,0.067674,114.852,0.02969,0.879205,0.624758,1,3,250.33098,-15.98,0.192254,0.506997
SOZKCWH145347F67F7,"Happy Birthday","Diljit Dosanjh",ARBXBHE13A8B60B0DA,"studio, vocal",0,0.781284,0.151753,96.987,0.048582,0.402666,0,0,4,162.19556,-6.175,0.897176,0.774261
SOZKALY148F10D503F,"Alting fungerer","Rasmus Walter",ARMFBPW12E2F373BBA,"studio, vocal",3,0.279038,0.094674,67.682,0.033797,0.704801,0.002944,1,4,208.8283,-12.511,0.127359,0.281591
SOZJXHR1498A232D70,"Just Like That","The Coronas",ARM68A9119B86687EB,"studio, electric",11,0.863878,0.176544,150.893,0.138684,0.004717,0,0,4,202.32,-6.302,0.630666,0.483736
SOZJVXC1454872786C,Biedronka,Faul,ARTMRYT133F5CF7E7D,"studio, electric, vocal",9,0.919965,0.153616,160.014,0.037472,0.011981,0.000885,0,4,169.13288,-3.014,0.428547,0.484949
SOZJVQB13B7EEF85FD,"Round Here","Florida Georgia Line",ARIUOBQ12BE4890CD5,"studio, electric",1,0.954676,0.249779,141.968,0.038964,0.004762,3.0E-6,1,4,214.05288,-3.05,0.901744,0.527334
SOZJUKU143B38BCCCB,"Story of My Life","Boyce Avenue",ARXQOIY11EBCD75127,"studio, electric, vocal",2,0.303676,0.108927,174.238,0.055148,0.365101,0,1,3,247.99646,-8.941,0.173038,0.361199
SOZJUEH137405D3422,"Du & Jeg","Hej Matematik!",ARO02BS119B8667F04,"studio, electric, vocal",8,0.826742,0.025767,128.518,0.063905,0.029841,0,1,4,195.37288,-4.465,0.926956,0.696686
SOZJSHC14875911194,"Heroes (we could be)",Alesso,ARFBFYB12C60E4E610,"studio, electric, vocal",5,0.647169,0.054422,126.011,0.054907,0.012479,0.000245,1,4,339.07955,-5.991,0.126628,0.759799
SOZJSER1467AC8779C,"Cocaine Model",Zhu,ARZLHMW12AF7DABF36,"studio, vocal",9,0.706406,0.151035,119.978,0.069154,0.43327,0.204552,0,4,255.09442,-8.896,0.32044,0.762973
SOZJSCN14519275E71,"Dare You - Radio Edit",Hardwell,ARTARKC1241B9C4789,"studio, electric, vocal",9,0.914435,0.175437,127.965,0.067594,0.012467,1.6E-5,1,4,325.33288,-5.136,0.080438,0.479522
SOZJSAL13E75801CD0,Daisyphobia,"Youth Lagoon",ARWDWFW13100D72846,"studio, electric",4,0.707422,0.109695,129.055,0.036185,0.283858,0.799845,0,3,319.75293,-8.994,0.201642,0.381768
SOZJRGP146083C3775,"Sweet Child O' Mine","Guns N' Roses",ARM7EDF1187B9B3FA1,"studio, electric, vocal",6,0.943139,0.123975,125.171,0.049966,0.090264,0.096435,1,4,355.26621,-4.77,0.626625,0.436091
SOZJNNB144C45DAF38,"New Age","Marlon Roudette",ARZA97I11C8A415724,"studio, electric, vocal",7,0.577343,0.201111,94.835,0.03053,0.172929,0.023973,0,4,193.63955,-9.981,0.396211,0.724436
SOZJNDF130516DA5A3,"It Was You","James Gruntz",ARFSTRP12298900660,"studio, vocal",6,0.366124,0.0994,126.06,0.084432,0.405488,0,1,4,194.86621,-7.367,0.447757,0.887892
SOZJLFR14894AC3095,"Back Home - Unplugged Live Session",MYNGA,ARYBSMM147C7D204F5,"studio, vocal",9,0.244251,0.096292,120.187,0.050401,0.78126,0,1,4,190.70621,-10.638,0.691424,0.818266
SOZJEDS14610D2764A,"Say Something (feat. Carly Rose Sonenclar)","Boyce Avenue",ARXQOIY11EBCD75127,"studio, vocal",1,0.124393,0.091283,141,0.033553,0.823852,0,1,3,227.15955,-9.414,0.090758,0.582089
SOZIXTD14123609A1F,"A Pair of White Diamonds","I LOVE MAKONNEN",ARMNQHL13568A16F91,"studio, vocal",11,0.474534,0.300789,139.912,0.376539,0.461481,0,1,4,144.66567,-12.863,0.560978,0.63217
SOZIXSK1446C5F47F6,"I Got U (Official video)","Duke Dumont",ARZNPPG1187FB4C845,studio,9,0.66641,0.221326,116.22,0.283313,0.48963,0.671659,0,4,240.67483,-10.341,0.590052,0.434065
SOZITYG13167715519,Incantevole,Subsonica,ARB2JOT1187B9AC455,"studio, electric, vocal",3,0.721363,0.118969,117.003,0.027382,0.000308,0.00044,0,4,304.42621,-5.41,0.363864,0.598292
SOZISJR13EA6585FF6,"Mēģini vēl","Sound Poets",ARX4PWJ1187B9999D0,"studio, electric, vocal",0,0.757978,0.214784,136.155,0.038275,0.000799,0.204379,1,4,263.43955,-5.17,0.326167,0.393122
SOZIRGS141845AB6B0,Hemiplegia,Haerts,ARGPVJI13CDB826124,"studio, electric, vocal",6,0.881547,0.178922,108.971,0.040836,0.01292,0.045136,0,4,229.36,-6.397,0.037939,0.557073
SOZIPRL131343929AD,"Encore Un Fois",SASH!,ARAUFHD12509416483,"studio, electric",9,0.815732,0.192672,132.597,0.051234,0.021108,0.844868,1,4,387.09351,-9.964,0.362424,0.665447
SOZILYR1372FACC89A,"Dreaming Again","The Coronas",ARM68A9119B86687EB,"studio, electric, vocal",2,0.641748,0.108887,190.452,0.037281,0.272046,0,1,3,207.94621,-7.273,0.592247,0.231317
SOZILNA145071BB323,"Wake Up Fucked (In Egypt) - Original Mix","Caked Up",ARILMKG140C717F70B,"studio, electric, vocal",7,0.625037,0.053198,139.973,0.100328,0.035782,0.005162,1,4,221.99955,-4.933,0.55169,0.831833
SOZILAE14578431F17,"Auf anderen Wegen","Andreas Bourani",ARUDDNT130708ED1B1,"studio, vocal",4,0.316507,0.118393,112.042,0.027681,0.803117,2.0E-6,1,4,267.94667,-9.548,0.202878,0.564547
SOZIHGR148797E6932,"Reach Out",Rumer,ARQIGNK11F4C8441E3,"studio, vocal",8,0.283647,0.111678,98.173,0.03968,0.702798,0.000117,1,3,233.06667,-10.854,0.198457,0.420198
SOZIDFY13778E7D1D1,"Circle of Friends",Legend,ARW5KNU1187B9ACB18,"studio, electric",11,0.997202,0.418334,135.603,0.089167,6.0E-6,0.452375,0,4,151.26621,-4.689,0.055798,0.479139
SOZIBRR148752BB00C,"Pitchfork Kids",AJR,ARBNYLE12B5A5B2430,"studio, electric, vocal",11,0.774258,0.24684,81.993,0.039514,0.011558,1.0E-6,0,4,212.4,-4.003,0.136387,0.432143
SOZIBJD14490BB5865,"Kimino Kotoga Sukiyaken (Instrumental)",HKT48,ARXQLOS1355920276D,"studio, electric",9,0.959324,0.140436,157.961,0.054485,1.7E-5,0.899008,1,4,248.61288,-7.395,0.817906,0.436184
SOZIARJ1313439C1EF,"Fang Mich Auf",Unheilig,AR28NP31187B98BEB9,"studio, electric, vocal",11,0.987699,0.367886,136.017,0.048061,6.4E-5,0.114503,0,4,288.87955,-5.215,0.838718,0.449971
SOZHZFS1499063CE00,"Wings - Spotify Sessions Curated by Jim Eno",Haerts,ARGPVJI13CDB826124,"studio, electric, vocal",7,0.74845,0.078923,98.004,0.034034,0.072689,0.259198,1,4,297.08798,-6.156,0.782035,0.559195
SOZHUDD149D8BCFE35,"The Wormhole","Hans Zimmer",AR0HVUL1187B9ACE67,studio,0,0.051609,0.074627,95.862,0.035227,0.586572,0.862781,1,4,90.56898,-28.721,0.022082,0.302027
SOZHPNZ1424BC5C3D7,"youthful days",Mr.Children,AR4LPY51187FB44EF4,"studio, electric, vocal",4,0.926724,0.058826,148.209,0.049913,0.007565,5.7E-5,1,4,317.62286,-5.722,0.552613,0.482873
SOZHMZJ13CF697CC3D,"Allermooiste Feestje","Yellow Claw",ARSWPLI138257457AE,"studio, electric, vocal",1,0.938519,0.239073,150.039,0.076698,0.009473,7.0E-6,0,4,206.98009,-2.513,0.426566,0.602715
SOZHMTN13B484AF9B5,"The Party & The After Party (Album Version (Explicit))","The Weeknd",ARYUDWF12F2B89BB33,"studio, vocal",5,0.63204,0.105428,203.564,0.353789,0.490053,0,0,4,458.78621,-7.451,0.35798,0.448966
SOZHMTA14393B5A3F7,"Don't You Want Me (Feat. Weather Station)",Bahamas,ARXPTHP127AF89505D,"acoustic, studio, vocal",9,0.092676,0.113277,112.224,0.061492,0.931813,0.117857,0,4,191.73832,-22.486,0.330949,0.67132
SOZHMPK13DB8FB20BB,"Hell & Back","Kid Ink",ARFJXBN12F0DAC3E88,"studio, electric, vocal",8,0.548907,0.106679,134.023,0.103043,0.368413,0,1,4,250.55769,-6.981,0.330702,0.602522
SOZHKQV137428E1AD9,"Rumadai (Topmodelz Remix)",Arsenium,ARQV6Z21187FB3E7B5,"remix, studio, electric, vocal",0,0.933674,0.188962,138.049,0.031848,0.104509,2.0E-6,0,4,285.25288,-4.373,0.546731,0.669793
SOZHIDY143CAF8F706,"Can't Let Go (Candlelight Remix)",Faydee,ARAZJTH12FE086E0C3,"remix, studio, vocal",6,0.359177,0.127139,99.824,0.033519,0.70165,0,0,4,224.67184,-9.561,0.451573,0.643484
SOZHHWR1338A5D68E7,"Remember Everything","Five Finger Death Punch",AR7UF591187FB51325,"studio, electric, vocal",1,0.829029,0.109575,162.001,0.039401,0.009456,0,0,4,278.81288,-4.115,0.109458,0.380885
SOZHEJR14462FD6358,"No Pretendo Enamorarte","Tony Dize",ARR8Z9I1187B9AAECF,"studio, electric, vocal",1,0.798027,0.107425,95.007,0.077905,0.304813,0,0,4,202.4224,-5.489,0.550638,0.522205
SOZHEJR137350D2DE8,"Verte Reír","No te va Gustar",ARNGZ3K1187FB4596F,"studio, electric, vocal",2,0.468467,0.123387,167.954,0.059443,0.024531,0.002468,1,4,266.13288,-9.069,0.904731,0.685988
SOZGZEI14462FC92E7,wimp,BACK-ON,ARMLGT71187FB3FCD3,"studio, electric, vocal",0,0.958253,0.483937,93.02,0.05838,0.006314,0,1,4,223.82621,-2.314,0.466753,0.553884
SOZGYUS13DC020E2FC,"Gala (Barkin' Mix Version)",Moderndog,AR5IKIZ1187B9A526A,"remix, studio, electric, vocal",9,0.511676,0.078303,104.97,0.123257,0.267827,3.9E-5,0,4,189.43955,-10.397,0.746928,0.869526
SOZGYOE1411A8C7D9C,"Yo Te ExtraÑare","Lupillo Rivera",AR4EWPZ1187B9904C5,"studio, vocal",0,0.386487,0.388785,79.792,0.026326,0.884808,4.0E-6,1,3,261.97288,-6.334,0.412481,0.489886
SOZGVOA13B200DCC4F,"Diese Zwei","Eko Fresh",ARI6CSW1187B9AF09A,"studio, electric, vocal",7,0.736215,0.09619,145.955,0.359939,0.076511,0,1,3,207.79955,-4.769,0.707622,0.534606
SOZGOSF13FC51DF567,"Onegai Valentine (Instrumental)",HKT48,ARXQLOS1355920276D,"instrumental, studio, electric",7,0.991155,0.378345,162.042,0.185208,0.001408,0.901742,0,4,302.27955,-4.08,0.24174,0.406058
SOZGMQR1377001D6A3,"Sexo, Sudor y Calor (feat. Ñejo & Dalmata)","J. ALVAREZ",ARXTUHC1252CCF940A,"studio, vocal",6,0.729052,0.141261,89.82,0.038417,0.776555,1.0E-5,0,4,227,-5.957,0.754439,0.43853
SOZGKPN14604E31B55,"Sexy Movimiento","Wisin Y Yandel",ARFFFRL12BF959F567,"studio, electric, vocal",10,0.791723,0.074215,105.012,0.03672,0.228809,1.0E-6,0,4,233.49288,-4.642,0.76435,0.768613
SOZGKNM13741BCF830,"Don’t Forget Your Roots",Six60,ARIFBPZ12E4E9BEE33,"studio, electric, vocal",0,0.529872,0.175615,72.974,0.068065,0.00011,0.068636,1,4,221.95955,-13.552,0.286034,0.62845
SOZGILM147426D5CD2,"Sands of time",BACK-ON,ARMLGT71187FB3FCD3,"studio, electric, vocal",6,0.729286,0.126072,90.001,0.036015,0.006891,0.007324,1,4,188.68535,-12.067,0.480024,0.493007
SOZGIIA147F5E8152D,"Someone New",Hozier,ARKLCET1407EC5357C,"studio, vocal",7,0.5391,0.286481,91.98,0.03494,0.406935,2.0E-6,1,4,222.81356,-5.946,0.558702,0.593483
SOZGFAC142F0AAB36C,Dance,Parmalee,ARAUKWJ11F4C841344,"studio, electric, vocal",2,0.89045,0.322196,95.022,0.031617,0.040985,3.0E-6,1,4,192.81805,-4.051,0.929789,0.565269
SOZGDUH12AF72A6DB2,"Tomorrow Comes Today",Gorillaz,ARAXU5Z1187B98FECD,"studio, electric",6,0.593263,0.101975,93.213,0.030904,0.008185,0.530594,1,4,193.59955,-4.624,0.546232,0.753079
SOZGCIP149405F7E84,Peggy,Elastinen,ARE7G301187FB3F4C3,"studio, electric, vocal",6,0.922711,0.234725,113.968,0.059575,0.002283,0,0,4,189.96,-4.014,0.681458,0.794497
SOZGBPP147C02DB908,"Make Out",Rixton,ARVSBMZ141E66AF00B,"studio, electric, vocal",3,0.803753,0.225638,112.017,0.0517,0.086901,2.0E-6,1,4,209.31955,-3.063,0.638399,0.770836
SOZGBCE149B19E367D,"Air Raid Drill","James Newton Howard",ARSZIBW1187B994053,"instrumental, studio, electric",2,0.293499,0.073452,86.036,0.030357,0.044003,0.900865,0,4,272.13288,-17.953,0.039516,0.305919
SOZFYMN14881E72B8C,B.L.O.K.K.,Blokkmonsta,ARVEVAT1269FB36293,"live, electric, vocal",1,0.919866,0.902045,89.864,0.198999,0.062896,0,1,4,177.66667,-5.03,0.602385,0.549571
SOZFVBO140115DEFAA,"TUZNA PJESMA",Severina,ARW217C1187FB3E60C,"studio, electric, vocal",8,0.544377,0.282305,130.048,0.0398,0.087345,0,1,4,226.21995,-9.476,0.894306,0.79414
SOZFTUA12A8C141AEE,"This One's For The Girls","Martina McBride",ARF3GX71187FB3EB66,"live, electric, vocal",8,0.901167,0.990963,126.935,0.041659,0.058942,2.7E-5,1,4,251.47166,-2.795,0.537312,0.491991
SOZFOUH149B19E31B3,"Snow's Speech","James Newton Howard",ARSZIBW1187B994053,"studio, vocal",9,0.008986,0.113077,119.97,0.043942,0.526558,0.106132,1,4,212.70621,-30.497,0.032651,0.173346
SOZFJML13B1F99320F,Amenamy,"Purity Ring",ARIIMDK12F793546CE,"studio, electric, vocal",1,0.838254,0.217637,145.987,0.034273,0.019628,3.0E-5,1,4,207.07955,-4.589,0.442169,0.58599
SOZFGJC14937263374,"To Keep Me Warm","Emma Louise",ARTUXIJ132F422D481,"acoustic, studio, vocal",0,0.017164,0.031353,93.863,0.033949,0.956786,0.139388,1,4,534.77333,-14.247,0.118141,0.284433
SOZFBCF1498D462F88,"MUSIC LIFE",GLAY,ARRV8O81187B98DD53,"studio, electric, vocal",11,0.86633,0.141325,160.106,0.064805,0.009049,0,1,4,312.07955,-3.304,0.363266,0.403009
SOZFASM13777B341DB,"Everyday Is Like Sunday (2010 Digital Remaster)",Morrissey,AR914BW1187FB45A1B,"studio, electric, vocal",0,0.900822,0.153673,117.08,0.040373,0.005422,0.203793,1,4,215.51138,-5.919,0.46562,0.60625
SOZEWIA148EE05071A,"All My Life","Run the Jewels",ARHFMJD1412A31754B,"studio, vocal",5,0.502473,0.371249,120.025,0.064558,0.54186,7.0E-6,1,4,187.97333,-9.222,0.149012,0.69227
SOZEUOS1492FCB74A1,"Old Pine","Ben Howard",ARDQLBT12420780DAF,"studio, electric, vocal",5,0.387588,0.21568,143.451,0.032608,0.352707,0.003143,1,4,222.29288,-10.135,0.305512,0.407463
SOZETRF145B4570D90,Hunter,Lewis,AR3UFD01187B995650,"studio, electric, vocal",10,0.687697,0.089329,95.026,0.030974,0.247,0.000204,0,4,209.78998,-6.186,0.27839,0.572761
SOZEQOI1498C51D56C,"Strength Through Fragility",Clark,ARKTQPC1187FB39A2F,"instrumental, acoustic, studio",0,0.518893,0.305051,124.98,0.036043,0.95061,0.933728,1,4,138.25333,-16.528,0.103131,0.452627
SOZEQMR141B5DD6046,Swarm,"Mt. Wolf",ARPRWBP13B4FF6D488,"studio, electric",7,0.517695,0.140051,96.019,0.032814,0.200027,0.745547,1,4,227.7873,-9.423,0.225818,0.582502
SOZEKGC12A6D4F863D,"Comptine d'un autre été, l'après-midi","Yann Tiersen",AR1PC9R1187B9ACC9A,"instrumental, acoustic, studio",2,0.195274,0.097147,99.977,0.047712,0.990405,0.932891,1,4,140.73288,-15.401,0.054986,0.497733
SOZEENF147E94FC378,Evergreen,Broods,ARYDKFJ141C2787EEE,"studio, electric, vocal",2,0.671365,0.072744,145.031,0.045103,0.019796,0.256368,1,4,267.46059,-8.034,0.108076,0.460744
SOZEEJG12AB018562C,"Jeg Vil Ha' Dig For Mig Selv","Burhan G",ARM56EB1187B999048,"studio, electric, vocal",4,0.884352,0.337285,97.713,0.057117,0.000771,0,0,4,224.97333,-4.509,0.497986,0.650463
SOZEDWX130516E1411,Revival,Deerhunter,ARVFDUT1187FB3C44E,"studio, electric, vocal",6,0.803827,0.279466,119.036,0.033549,0.026522,0.014318,1,4,133.66621,-6.457,0.674626,0.654435
SOZEDMA1445238F32C,"Un uomo è un albero",Noemi,ARNDFTA125FEF32B22,"studio, electric, vocal",3,0.535766,0.121479,76.585,0.036707,0.09567,0,1,4,196.95955,-5.867,0.122744,0.456329
SOZDZJO146F8F4312C,"Fire In Our Hearts [Mix Cut] (Original Mix)","Swanky Tunes",ARD3E1P1187FB48CA6,"studio, electric, vocal",7,0.958808,0.452476,128.736,0.069015,9.1E-5,0.097327,1,4,254.06621,-6.244,0.240508,0.455578
SOZDWAX1451892686C,Liebestöter,Megaherz,ARZ1ZQ71187FB4A931,"studio, electric, vocal",8,0.986236,0.279853,140.002,0.061014,0.006507,0.011674,1,4,291.59955,-6.211,0.358406,0.619291
SOZDOSO13A7BFF29C5,"Drank In My Cup Remix (feat. 2 Chainz & Juelz Santana)","Kirko Bangz",ARCPENU12E00D55475,"remix, studio, electric, vocal",8,0.598936,0.08014,88.902,0.336873,0.019327,0,0,5,333.51955,-8.305,0.355199,0.410189
SOZDNAD1406B0C95ED,"L'anima vola",Elisa,ARY5UO61187FB5271F,"studio, electric, vocal",7,0.651654,0.234145,129.912,0.034562,0.022941,0.002076,1,4,243.48,-7.635,0.09467,0.501012
SOZDMOH13D10F06F03,"Hob 8 Swamp Foot Blues in G","Adam Levine",ARSVDDS1187FB36855,"noplaylist, studio, electric",7,0.463109,0.18055,89.979,0.03217,0.013857,0.48169,1,4,201.65333,-8.138,0.808613,0.735136
SOZDMGQ13C67C25E73,"Let's Dance To Joy Division","The Wombats",ARUK3I61187FB5BC71,"studio, electric, vocal",4,0.848753,0.097258,116.509,0.241297,0.008516,0,1,4,173.23955,-5.726,0.747254,0.387873
SOZDKOK1485B8430F3,"Huudan sun nimee",Robin,ARBTIDM1187B9A7AED,"studio, electric, vocal",0,0.749168,0.278061,128.072,0.046876,0.009381,0,1,4,193.64,-8.116,0.609543,0.70165
SOZDCVX1468E1F7D22,"A Little Bit (feat. Lydia Paek)",Crush,ARYAAOY1187B9B76B8,"studio, electric, vocal",0,0.705535,0.119774,122.942,0.031001,0.005672,2.0E-6,1,4,207.80363,-5.223,0.380881,0.620829
SOZDCMH1338A5FF648,Hoy,"Lagarto Amarillo",ARG1Q0H1187FB40685,"studio, electric, vocal",6,0.911871,0.31909,104.987,0.03652,0.125069,0,0,4,211.86621,-3.086,0.817785,0.792687
SOZDATB147F5C2820D,"Le portrait",Calogero,ARKOP291187FB41271,"studio, electric, vocal",0,0.481198,0.089425,122.941,0.032438,0.163856,0,1,4,181.33333,-8.942,0.48969,0.549411
SOZDAKR13F451F8A8C,Pozegnanie,Liber,ARNY7M01187B9B1BAD,"studio, vocal",10,0.631831,0.306837,160.049,0.035737,0.535056,0.005163,1,4,236.03823,-7.589,0.106442,0.474329
SOZCXZC1413403B903,"Love Addict",Vamps,ARIIRR5119B3402F14,"studio, electric, vocal",7,0.923172,0.295313,164.963,0.111022,0.000758,0.00528,1,4,239.63955,-4.42,0.553189,0.356379
SOZCVIM1411D130305,Commander,"Kelly Rowland",ARXAWLH1187B991605,"studio, electric, vocal",11,0.888978,0.28254,124.615,0.115293,0.0353,1.3E-5,0,4,221.83955,-2.59,0.552597,0.379837
SOZCUXV14569055CBE,"Joko Diss","Eko Fresh",ARI6CSW1187B9AF09A,"studio, electric, vocal",7,0.866429,0.037368,86.962,0.27635,0.186528,3.0E-6,1,4,162.75819,-3.661,0.656573,0.727699
SOZCTSB13EAC066D0C,Naiv,"Dani M",ARNMJXH138B988B8F5,"studio, electric, vocal",1,0.822458,0.110315,119.868,0.112845,0.173221,0,1,5,177.25497,-5.934,0.862867,0.538585
SOZCSIQ13F70D5F1AD,"Un bacio a te",Nesli,ARIGS5L1187FB5235A,"studio, vocal",1,0.898589,0.108037,135.956,0.071248,0.506405,0,1,4,216.33415,-3.987,0.742548,0.600187
SOZCRTR148236CD184,"Strong as Glass",Goapele,AR4F2C11187B9B53BB,"studio, electric, vocal",5,0.537543,0.160088,174.036,0.061611,0.267843,2.0E-5,1,4,234.45084,-6.985,0.186408,0.464551
SOZCRRO13E908CDD6F,"Tonight I’m Getting Over You","Carly Rae Jepsen",ARRWGYU12086C17800,"studio, vocal",5,0.459602,0.16194,125.294,0.518981,0.422349,0,1,3,124.35156,-19.26,0.392798,0.514814
SOZCOQG1424BC56F9B,"Seoul Here",로이킴,ARHEPGV144FD901CB5,"studio, electric, vocal",4,0.579626,0.155185,98.945,0.026216,0.119258,0.000141,1,4,266.01288,-6.224,0.15776,0.558148
SOZCOMY133A920C4CF,"Quel posto che non c'è",Negramaro,ARK0IAC1187B98BEC5,"studio, vocal",7,0.343464,0.120682,82.249,0.040473,0.850622,4.0E-6,1,3,217.49288,-8.546,0.12435,0.327184
SOZCOKB1489F1E8067,"Save The Grey",Elliphant,ARYGXQH13A0DE0C99E,"studio, electric, vocal",2,0.679219,0.101724,140.027,0.045653,0.004478,6.0E-6,1,4,193.92612,-4.997,0.194221,0.657313
SOZCNQD146F52CD840,"Strange Weather","Anna Calvi",ARQFRZB12C60E4ECC8,"studio, vocal",10,0.366039,0.135994,71.817,0.0286,0.872727,0.089442,0,4,332.19497,-8.952,0.039043,0.307744
SOZCNLT13E906F9614,"Todo Y Nada","Los Canarios de Michoacan",ARLUJRG122988F277B,"studio, vocal",9,0.517987,0.087069,76,0.330373,0.417839,1.0E-5,1,4,201.40757,-14.118,0.792562,0.628562
SOZCMEL1485B814D3F,Specchio,Subsonica,ARB2JOT1187B9AC455,"studio, electric, vocal",4,0.683489,0.063454,113.014,0.038217,0.005401,8.3E-5,0,4,204.53896,-5.579,0.932543,0.798061
SOZCKHL13740FE06C9,"Raise Your Glass",P!nk,ARZRYXF1187FB555CC,"studio, electric, vocal",7,0.751226,0.270667,122.921,0.096258,0.002331,0,1,4,194.76853,-5.649,0.527701,0.630548
SOZCEKS1487472BA31,"El Toro Encartado","Ariel Camacho",ARXMBEO146AB259A03,"studio, vocal",9,0.577571,0.07243,115.046,0.043389,0.789746,2.6E-5,1,3,166.86798,-6.113,0.960766,0.814175
SOZCCPP1457842F680,"Alles beim Alten","Andreas Bourani",ARUDDNT130708ED1B1,"studio, electric, vocal",1,0.535396,0.098856,77.664,0.025969,0.13488,1.0E-6,1,4,275.78621,-6.896,0.309428,0.494433
SOZCCBE1474545EF05,"Hoy Te Miré","Jorge Valenzuela",ARRHIGD144506F0E65,"studio, electric, vocal",7,0.785822,0.231215,169.636,0.316277,0.22175,0.000128,0,3,191.91955,-4.155,0.882028,0.486427
SOZCAAD13A5BCB9EEE,"Sleeping Ute","Grizzly Bear",ARRDRI71187FB46EAA,"studio, electric, vocal",6,0.65274,0.091827,104.48,0.036276,0.15146,0.005504,0,3,275.31705,-6.266,0.256229,0.332643
SOZBZKY146FE667D37,"Really Don't Care","Demi Lovato",ARUCF6P11A348F0B17,"studio, electric, vocal",7,0.540032,0.11475,128.04,0.040832,0.000216,0.001386,1,4,217.41288,-8.089,0.172005,0.544254
SOZBZAS1498D4B7AF7,"Christmas Time Is Here Again","Weeping Willows",AR3WWZM1187B996646,"studio, christmas, vocal, electric",10,0.656319,0.094578,101.581,0.026668,0.040999,0,1,4,215.46667,-6.03,0.519569,0.4208
SOZBPPR146F81DAB23,"Hold On, We're Going Home",Drake,ARODZUF11F4C841E1F,"studio, electric, vocal",6,0.538769,0.513237,100.003,0.092943,0.004597,3.4E-5,0,4,213.15955,-6.727,0.288895,0.741746
SOZBDIQ1462EDBAC49,"Banana Clipper","Run the Jewels",ARHFMJD1412A31754B,"studio, electric",7,0.608747,0.061558,166.034,0.062432,0.000676,0.739015,1,4,171.54567,-7.87,0.404274,0.672983
SOZAZQT14989DA1081,"Nothing Would Be Better","Nick Jonas",AR0SJVA11C8A414FDE,"studio, electric, vocal",1,0.643492,0.110171,93.972,0.077961,0.127902,1.0E-6,0,4,274.08,-6.623,0.269216,0.315746
SOZARUO1489F2447A8,Walk,Kwabs,ARACFYF143393707B2,"studio, electric, vocal",9,0.813868,0.217528,144.005,0.06774,0.170202,0,0,4,214.14961,-3.903,0.601235,0.61507
SOZAQZG1498E4093E4,"Jul, jul, strålande jul","Tone Damli",ARTENNH12AA0D8D33B,"studio, vocal",8,0.137121,0.11371,117.411,0.03485,0.768659,6.0E-6,1,3,224.23955,-13.509,0.272441,0.461073
SOZAOFT1498F39E4A1,"I Can Make You Feel Young Again",Copeland,ARG00DS1187B9ADFC8,"studio, electric",9,0.573536,0.119274,120.068,0.032945,0.237312,4.1E-5,1,4,244.83955,-9.741,0.368306,0.577189
SOZAJEP141E9D545B7,Heaven,애프터스쿨,ARXDHLR122BCFCAC05,"studio, electric, vocal",10,0.821275,0.04191,120.994,0.064749,0.103836,0,0,4,281.02621,-5.142,0.957866,0.774922
SOZAIXZ13C1C8FD8FF,Sober,"Little Big Town",ARLNMV01187FB3ECA8,"studio, vocal",0,0.645437,0.131076,77.976,0.026743,0.436847,0,1,4,195.30667,-5.692,0.569156,0.596367
SOZAHLT1475B08804F,"My Wrecking Ball","Ryan Adams",ARGHBVV1187FB4D57A,"studio, vocal",4,0.106182,0.104175,128.785,0.076351,0.888515,0.000231,1,4,188.61288,-13.377,0.265796,0.611865
SOZAGHN134EE36BEA4,"I Don't Really Want to Be Social",Broncho,ARNUUHB1187FB3F52A,"studio, electric, vocal",2,0.610271,0.073717,123.419,0.041334,0.054154,0.035477,1,4,134.93288,-7.509,0.96312,0.791835
SOZADCL147E9A20CC0,"The First Time","Ella Henderson",ARLOKIS141565AA4C9,"studio, electric, vocal",8,0.902403,0.236878,160.055,0.134976,0.093869,4.9E-5,1,4,227.64,-3.684,0.651518,0.616891
SOZACOC13E90B3395C,"Follow The Lights","Shawn Hook",ARUMTLE133B3F122BC,"studio, electric, vocal",6,0.703944,0.172437,125.998,0.034258,0.021652,0,0,4,193.52925,-7.601,0.513014,0.503184
SOZAAEM147FF84DBE8,Movie,"Hoodie Allen",ARRCNUI12A57A0685C,"studio, electric, vocal",1,0.829458,0.143983,170.097,0.055009,0.006649,0,0,4,239.10599,-4.393,0.309403,0.609764
SOYZZWT13FFF353EB4,"Heart Out","The 1975",AROJAOG1391FF1AFE1,"studio, electric, vocal",2,0.828281,0.08486,118.448,0.027079,0.008997,0.000471,1,4,202.29288,-4.977,0.895582,0.706158
SOYZZTB13F617ECAAB,"Целуй меня ( Kiss Me)","Ирина Аллегрова",ARD224K1187FB4DF44,"studio, electric, vocal",9,0.863408,0.136154,132.065,0.032784,0.3189,5.1E-5,0,4,209.33333,-6.583,0.872385,0.693882
SOYZZHH148191B7E66,"Running With The Boys",Lights,AR9VDIR1187B996AC8,"studio, electric, vocal",2,0.692663,0.315475,101.982,0.036587,0.010233,0.003081,1,4,251.97333,-5.673,0.559232,0.675781
SOYZYBV133A920E27B,"St. Croix","Family of the Year",AROOWYT12472CE2A92,"studio, electric, vocal",2,0.873594,0.092563,143.896,0.073784,0.00621,0.001263,1,4,215.55955,-3.612,0.750263,0.51286
SOYZWZQ144C42FF7C5,"Trouble Is A Friend",Lenka,ARLEL2111C8A416126,"studio, electric, vocal",8,0.830477,0.121762,118.027,0.024929,0.039304,8.4E-5,1,4,215.74621,-5.198,0.657439,0.663188
SOYZUQK14874E5DE9B,"Wrong (Radio Mix)","Robin Schulz",ARYQOAT1359C24C8BB,"remix, studio, electric",0,0.737927,0.126284,119.992,0.036246,0.006101,0.878006,1,4,206.30667,-7.612,0.660868,0.647914
SOYZTOL13D0D39A7AD,"Evlilik Sandalı","Hande Yener",ARHEQS81187FB4010B,"studio, electric, vocal",1,0.565614,0.334785,115.009,0.038079,0.220779,0,0,4,278.45333,-8.537,0.496206,0.626145
SOYZSDR135C2501116,"The Man Who Can't Be Moved","The Script",ARKMQ0K11C8A4224DF,"studio, electric, vocal",10,0.617796,0.099189,99.904,0.028837,0.362901,0,1,4,240.96,-5.049,0.285577,0.573568
SOYZRUX13FFC3A6663,"Невеста (Speen Beatz Remix)",Iowa,ARDPQAV12AA0D8EDEC,"remix, studio, electric, vocal",2,0.748921,0.141221,119.993,0.072091,0.000671,0.000325,1,4,195.65778,-3.124,0.830503,0.739092
SOYZLWW1498D329060,"Losing (Reso Remix)","Becky Hill",ARBJODY1382574490D,"remix, studio, electric, vocal",1,0.961471,0.12142,85.994,0.094096,0.000253,0.00068,0,4,295.43011,-4.118,0.241049,0.405173
SOYZLRJ12A6D4F605E,Linger,"Edyta Górniak",ARK3NFW1187B991FAF,"studio, electric, vocal",2,0.545206,0.261955,141.858,0.028752,0.354219,0,0,4,252.22667,-6.555,0.223884,0.491705
SOYZLGB142D1BE1BED,"Dangerous (ANR Remix)","Big Data",ARJAYEU13D5B2E0EA2,"remix, studio, electric, vocal",5,0.939677,0.056573,102.976,0.10333,0.021576,0.000517,0,4,196.89274,-4.766,0.719559,0.821911
SOYZIGR13FFF91A478,Always,Erasure,ARIPXFO1187B9ACFF9,"studio, electric, vocal",5,0.8816,0.345846,124.994,0.035352,0.025775,0.000305,1,4,225.66621,-6.021,0.71662,0.57663
SOYZEHU13741176A8F,Eisberg,"Andreas Bourani",ARUDDNT130708ED1B1,"studio, electric, vocal",8,0.720669,0.143605,114.022,0.025867,0.036839,8.8E-5,0,4,263.87955,-5.313,0.25978,0.620976
SOYYYUY13E906199E6,Teardrop,"Massive Attack",ARNF13I1187FB562A5,"studio, electric",11,0.153884,0.146006,77.008,0.042999,0.048509,0.685379,0,4,294.78354,-23.625,0.255242,0.564725
SOYYXRY1498E814882,"Himawari No Yakusoku","秦 基博",ARPUXEV1269FB2696E,"studio, electric, vocal",10,0.440394,0.123885,78.937,0.032306,0.28253,0,1,4,314.65288,-5.186,0.340848,0.508947
SOYYWZM148236CDFB3,Powerful,Goapele,AR4F2C11187B9B53BB,"studio, vocal",4,0.619044,0.048848,134.103,0.055479,0.627717,0.002744,0,4,225.74068,-4.812,0.707648,0.802001
SOYYWVJ143D9E8B4F4,"Singing got better",에일리,ARBZZVN14386076C44,"studio, vocal",5,0.798232,0.343209,95.58,0.042795,0.426036,1.8E-5,1,4,200.53288,-2.232,0.228561,0.434003
SOYYUQZ133EB4D8163,"Broken Arrow","Pixie Lott",ARJMJYW122BCFCA970,"studio, electric, vocal",3,0.663832,0.077954,127.991,0.032043,0.012722,0.107699,1,4,461.42649,-8.203,0.509531,0.770983
SOYYSZY1492F8D7051,Comodín,"No te va Gustar",ARNGZ3K1187FB4596F,"studio, electric, vocal",2,0.612859,0.051496,120.232,0.03598,0.041344,4.0E-6,1,4,169.00023,-7.972,0.896921,0.768486
SOYYSGF145263536D1,"Cool Night in Paris",Lewis,AR3UFD01187B995650,studio,7,0.05781,0.113321,111.877,0.05185,0.852875,0.847461,1,4,195.54621,-25.515,0.153635,0.451526
SOYYRHG14639CCD56E,"Tourniquet (Cynthia Anne)","Chrissie Hynde",AR7XNR61187B98E2F2,"studio, vocal",4,0.23082,0.12762,128.021,0.039236,0.823576,0.005858,0,3,161.70621,-15.142,0.194584,0.329641
SOYYORJ149A7051EDE,"Non vivo più senza te","Biagio Antonacci",AR1Z6RP1187B9ADD04,"live, electric, vocal",7,0.975558,0.975203,82.044,0.115608,0.020012,7.0E-6,0,4,298.62621,-4.905,0.467164,0.557502
SOYYNIM1357937CD85,Es-so,tUnE-YaRdS,ARTOQES122BCFC9A04,"studio, electric",1,0.733836,0.392554,91.554,0.177494,0.36118,0.566163,1,4,209.53288,-6.321,0.59319,0.719863
SOYYKDQ1417BD00617,"You Give Love A Bad Name","Bon Jovi",ARDVZTE1187FB5A0A1,"live, vocal",11,0.89411,0.920705,125.12,0.076006,0.523989,0.039245,0,4,274.07955,-7.328,0.541331,0.45618
SOYYASK141B86E86EB,Goodbye,Kadebostany,ARYCDTS13C83629FCD,"studio, vocal",9,0.306149,0.102275,150.406,0.038789,0.827639,5.4E-5,0,3,158.91311,-7.41,0.248383,0.389051
SOYXZLQ13DC4747EE7,"Nkalakatha Rebirth",Mandoza,AR1ARQ11187FB5A8DE,"electric, vocal",0,0.814624,0.842352,105.015,0.12219,0.015688,0,1,4,269.71388,-6.425,0.72341,0.791578
SOYXUBI13D4A2FA2D0,Balada,"Gusttavo Lima",ARIUBQI12FE55ACCF1,"studio, electric, vocal",11,0.909434,0.327143,130.041,0.166131,0.037303,2.0E-6,0,4,249.71955,-5.059,0.734813,0.709253
SOYXTNN1452230568B,8318,J,ARL0XDQ1187FB39B2B,"studio, electric, vocal",3,0.528525,0.066582,143.949,0.027617,0.356555,0,1,4,243.13288,-7.216,0.159043,0.530611
SOYXRKD139E0A84FB4,"That's Why I Pray","Big & Rich",ARLKCMN1187FB599FB,"studio, electric, vocal",8,0.717316,0.127301,100.007,0.029612,0.037089,0,1,4,242.72,-4.813,0.37132,0.563188
SOYXPSH14560CF6A96,"Heavy Heavy (Audio)",Wisin,ARCON5N1187B99EE79,,2,0.699504,0.750469,84.5,0.329532,0.892629,0.588498,1,4,242.34667,-7.204,0.582906,0.638159
SOYXPFH144E018A449,"Wo ist die Euphorie? (1979-Version)",Trummer,AR64D811187B994C3C,"remix, studio, electric, vocal",0,0.815805,0.321779,161.987,0.035165,0.002563,0.010533,1,4,235.67955,-6.349,0.677668,0.566478
SOYXMYU148282569F1,Jealous,"Nick Jonas",AR0SJVA11C8A414FDE,"studio, electric, vocal",11,0.6977,0.472823,92.992,0.118832,0.013345,0,0,4,223.10667,-3.822,0.383525,0.699613
SOYXIRD145B0295981,"Happy Happy Birthday",宮野真守,ARQY0411187FB445FA,"studio, electric, vocal",10,0.911272,0.539033,128.012,0.028624,0.005232,5.0E-6,0,4,280.89333,-3.985,0.509194,0.698928
SOYXFBJ13105FA468E,"Big Bang (Au pays des Candides)",Brigitte,AR6QNXN1187B98B715,"studio, electric, vocal",7,0.483705,0.039287,164.578,0.057521,0.182111,2.0E-6,0,4,188.74884,-8.732,0.305663,0.46952
SOYWQIJ14692D77DD7,Bella,"Kendji Girac",ARUMBXB1469BE6C175,"studio, electric, vocal",8,0.919682,0.09052,100.042,0.084452,0.054415,1.0E-6,0,4,239.94667,-5.172,0.957393,0.781177
SOYWMOD144575842FA,Apogee,"kangding ray",AR2RCTB1187FB42711,studio,4,0.490278,0.225423,82.79,0.070166,0.687548,0.83352,0,5,162.91955,-17.707,0.037545,0.079303
SOYWEET1461C424554,"The Writing's on the Wall","OK Go",ARKLKMU1187FB4EF65,electric,7,0.967222,0.720742,103.026,0.053417,0.019813,0.000424,1,4,214.70667,-3.648,0.646266,0.546505
SOYWCLQ13741BDE3A3,"If I Die Young","The Band Perry",ARWVBHT1264D12E010,"studio, electric, vocal",4,0.615912,0.315483,134.884,0.036896,0.290531,0,1,4,215.21288,-5.149,0.322204,0.591116
SOYWBZM1460C2020B5,"Ana's Song (Open Fire)",Silverchair,ARIH5GU1187FB4C958,"studio, electric",7,0.49077,0.16525,80.291,0.030169,0.240735,0.825476,0,4,217.8,-13.38,0.219063,0.30457
SOYVYZW148747822C1,"La Verdad del Hombre","Ariel Camacho",ARXMBEO146AB259A03,"studio, vocal",5,0.536604,0.073902,101.505,0.029382,0.654189,6.0E-6,1,3,216.31583,-5.016,0.908061,0.750601
SOYVYQU147446F4F48,Dance,"Alexandra Stan",AREZYUC12D332C26BE,"studio, electric, vocal",1,0.767773,0.085216,126.96,0.069767,0.220864,0.00014,0,4,221.69025,-5.598,0.693122,0.759011
SOYVWPB13B1FA804BF,"I Really Want It","A Great Big World",ARGPAWB13B0169D793,"studio, electric, vocal",1,0.77283,0.112984,132.98,0.03474,0.331646,0,1,4,200.44145,-6.304,0.884795,0.766783
SOYVQZC141CE6D47A4,"Go All Night (Let it Burn) (Prod. Morri$)",Kelela,ARHRYGS13C1C29D2CA,"studio, electric, vocal",2,0.525569,0.076477,126.69,0.032276,0.061692,0.016657,0,4,106.9971,-8.135,0.138044,0.607492
SOYVOMR13FCC9D824E,"Bad Girls",M.I.A.,ARDDMYP1187B9B8AE4,"studio, electric, vocal",8,0.933083,0.521612,143.397,0.091537,0.039422,6.4E-5,1,4,228.93288,-3.72,0.449162,0.582122
SOYVLVU1393D17E8B1,yokuz,123,ARPDMZK124207811F7,"studio, vocal",9,0.280195,0.108258,85.048,0.04467,0.729228,0.00465,1,4,211.45288,-14.829,0.36257,0.654108
SOYVLKV13D7205C515,9MM,"Joey Moe",ARVOHFA1187B99EA07,"studio, electric, vocal",2,0.769857,0.091088,150.009,0.043622,0.050838,0,1,4,180.59955,-4.437,0.580533,0.611511
SOYVICR1498F5AD463,Soda,"Azealia Banks",ARZCUVG12DDD18825A,"studio, electric, vocal",2,0.892498,0.105082,123.987,0.075903,0.013119,0.000103,0,4,222.7249,-6.271,0.548716,0.722923
SOYVICR1498C411046,"Teenage Exorcists",Mogwai,ARZ4XS71187B9AEF25,"studio, electric",9,0.864811,0.143367,126.988,0.091162,5.6E-5,0.77774,0,4,209.84358,-7.594,0.062793,0.322382
SOYVCKD13E84FF4AFB,"De Dónde Sacas Eso?",Ha-Ash,ARX0X2D1187B99F515,"studio, electric, vocal",5,0.557252,0.145639,139.997,0.032371,0.15364,8.4E-5,1,4,204.63955,-15.055,0.820366,0.66298
SOYUYEK12AF72AAA93,"Dime Una Y Otra Vez","El Chapo",AROOHZQ1241B9C4795,"studio, vocal",7,0.695327,0.363191,139.885,0.051265,0.571208,4.0E-6,1,4,191.98667,-2.657,0.787864,0.766631
SOYURAX1373E1C2D7B,"Canadian Sunset","Gene Ammons",ARNA0AZ1187B9AE478,studio,0,0.271764,0.103721,141.66,0.036393,0.641286,0.784944,1,4,324.27955,-16.522,0.41653,0.498949
SOYUOON148D92C9033,"On danse","M. Pokora",ARCUAFJ122BCFCC42A,"studio, electric, vocal",1,0.758611,0.06156,110.975,0.065693,0.113227,0,1,4,193.16,-5.589,0.541767,0.704642
SOYUMUM12AB0185F61,"Live Your Life","Bomfunk MC's",AROKWE01187FB3D3AC,"studio, electric, vocal",1,0.976535,0.350541,167.949,0.081473,0.014451,2.0E-6,1,4,229.93293,-4.639,0.960372,0.643042
SOYUMPQ142CF1638DA,"Mi Mi Mi",Serebro,ARLEBRU13A4B40015D,"studio, electric, vocal",2,0.817514,0.101809,126.024,0.065626,0.203692,0.25688,1,4,221.15955,-3.421,0.417778,0.909273
SOYULXE1498A60CD7E,Hardly,Future,ARP6DKX1187FB55C12,"studio, electric, vocal",6,0.529655,0.101798,135.045,0.134607,0.121894,1.5E-5,1,4,160.07791,-9.802,0.27571,0.83169
SOYULRT148B9615EA7,"STRIKE BACK",BACK-ON,ARMLGT71187FB3FCD3,"studio, electric, vocal",1,0.943842,0.312493,89.992,,0.005086,0,1,4,227.46621,-2.512,0.603681,0.552955
SOYUFTC1498D4F50F5,Azizami,"Mahan Moin",ARMXITM12EFE499BB4,"studio, electric, vocal",5,0.859322,0.085057,105.982,0.110673,0.078818,0,1,4,185.92463,-6.682,0.79829,0.623484
SOYTXYJ13E9B6D3742,"Ti sposerò",Nesli,ARIGS5L1187FB5235A,"studio, electric, vocal",2,0.729638,0.13132,125.751,0.092484,0.122465,0,1,4,193.29415,-5.425,0.446181,0.520924
SOYTXXO141B8673CB7,"Quintana (feat. Wale)","Travi$ Scott",AREXABJ13C1C298D7E,"studio, electric, vocal",1,0.754017,0.253178,121.877,0.075021,0.172859,0,1,4,294.43619,-7.19,0.184894,0.653697
SOYTWWJ13167713813,"Stay Away","Charli XCX",ARMWDYO11F50C49B36,"studio, electric, vocal",9,0.892897,0.122957,91.427,0.035552,0.013506,0.000166,1,4,231.66621,-4.332,0.382019,0.552463
SOYTVEO12A58A7640E,"Irish Blood, English Heart",Morrissey,AR914BW1187FB45A1B,"studio, electric, vocal",9,0.800872,0.250349,140.097,0.036159,0.004015,0.001229,0,4,156.39955,-5.285,0.323605,0.576601
SOYTUNQ1486D526D7C,"괴도 (Danger)",Taemin,ARFRAYI1461610E888,"studio, electric, vocal",6,0.739226,0.067317,114.035,0.170154,0.027952,0,1,4,191.45288,-3.793,0.847942,0.732449
SOYTOKT143A151CC6A,"Gecko (Radio Edit)","Oliver Heldens",ARSWVFF13F2EC8D3F6,"instrumental, studio, electric",0,0.786575,0.212589,125.027,0.063101,0.07637,0.926022,1,4,167.76,-7.673,0.498285,0.790887
SOYTNTG12AB01866CD,"Pas Sans Toi","M. Pokora",ARCUAFJ122BCFCC42A,"studio, electric, vocal",7,0.459487,0.072245,129.962,0.048544,0.19732,0,1,4,265.07955,-9.52,0.466419,0.449901
SOYTMDD1436FD073F2,"Go Home",Faul,ARTMRYT133F5CF7E7D,"studio, electric, vocal",9,0.855447,0.268669,179.94,0.062438,0.001323,0.012755,0,4,330.70975,-6.226,0.798642,0.554185
SOYTHMO146F951656D,"The Big Bang (Inpetto Radio Edit)","Katy Tiz",ARDIMWV13ABD1425C6,"studio, electric, vocal",7,0.971516,0.207267,126.007,0.065083,0.11374,2.9E-5,0,4,199.93156,-3.001,0.388619,0.632322
SOYTHLS1420B124C95,"La Venganza","J Balvin",ARMVSKH130DCC6F6D7,"studio, electric, vocal",8,0.863148,0.106195,177.945,0.100432,0.35401,7.0E-6,0,4,206.26621,-5.478,0.862235,0.736903
SOYTHBI13D39CC2C0B,"I Drive Your Truck","Lee Brice",ARSOSSS11C8A415813,"studio, electric, vocal",11,0.652056,0.119279,141.958,0.034449,0.104144,0.003709,1,4,234.83955,-6.215,0.115249,0.509915
SOYTGJB148B953C90A,"Gentle On My Mind","The Band Perry",ARWVBHT1264D12E010,"studio, vocal",1,0.800879,0.095441,106.971,0.026887,0.550829,1.0E-6,1,4,189.25333,-5.6,0.773651,0.71453
SOYTCKN1373FF28C62,"All Night Long","Alexandra Burke",ARMYAEZ12086C11AD9,"studio, electric, vocal",8,0.820408,0.075707,127.939,0.087633,0.176906,0,1,4,208.14621,-7.582,0.63294,0.623363
SOYTBRQ12AB0183F00,"Din boss","Just D",ARIK3RG1187B9AC522,"studio, electric, vocal",10,0.739561,0.160445,89.96,0.090166,0.006542,0,0,4,201.99955,-9.024,0.783194,0.713822
SOYSZUP145E89C229F,"E.T. Youth Take Shots",3LAU,ARVKHXY1333D464281,"studio, electric, vocal",5,0.905426,0.199109,133.098,0.299082,0.01164,0,0,4,180.50567,-5.829,0.282786,0.62361
SOYSXJX137405DCD0C,"La diferencia entre tú y yo","Tiziano Ferro",ARXF40D1187B9A3FB3,"studio, electric, vocal",7,0.798123,0.149673,111.895,0.040059,0.149702,0,1,4,232.57823,-4.853,0.239672,0.525443
SOYSUUB13E8FC23EA7,"Ice Cream",김현아,ARVRZOX125FEF320CA,"studio, electric, vocal",1,0.869913,0.299055,120.032,0.10685,0.117657,2.0E-6,0,4,241.63156,-5.614,0.913311,0.802017
SOYSTCT143F39D39D2,"Boom Kah",Robin,ARBTIDM1187B9A7AED,"studio, electric, vocal",7,0.795454,0.114984,104.077,0.137219,0.011855,0,1,4,201.21601,-6.556,0.688596,0.709423
SOYSSRD13E907AD372,"You Lie","The Band Perry",ARWVBHT1264D12E010,"studio, electric, vocal",6,0.445968,0.123844,85.498,0.026524,0.133522,0,1,4,222.30354,-15.196,0.633688,0.580189
SOYSRVI1442E7EDAD3,"Dawaj z Nami",Kaen,ARPSEDV1377A5F15CD,"studio, electric, vocal",11,0.538982,0.077903,92.007,0.08188,0.011834,0,1,4,252.33079,-5.284,0.722409,0.846921
SOYSMPC1377560538E,"Never Ever","All Saints",ARAS3371187FB4CFB0,"studio, vocal",1,0.538062,0.048339,134.197,0.031924,0.598934,0,1,4,387.57288,-5.511,0.333927,0.741811
SOYSHZL146FFF7DEE9,"California Rain","The Madden Brothers",ARECSUU135592042F4,"studio, electric, vocal",4,0.706309,0.095483,135.894,0.030867,0.000428,0.009341,0,4,280.89773,-8.394,0.51674,0.58588
SOYSGYB144CAC17968,"Professional Heartbreakers",Arsenium,ARQV6Z21187FB3E7B5,"studio, electric, vocal",7,0.746052,0.163849,128.028,0.033709,0.000705,0.236281,1,4,341.05288,-4.761,0.66597,0.763599
SOYSEQT13CCC80ED2B,"Love Like This",Kodaline,ARNYDEE138BF7CCD76,"studio, electric, vocal",0,0.824109,0.331971,123.975,0.038657,0.043838,0,1,4,216.40952,-4.851,0.375781,0.468905
SOYSEHL1440862E1C9,Happy,"Pharrell Williams",ARLIWDY1456895A560,"studio, electric, vocal",5,0.702971,0.27151,159.803,0.105379,0.282856,0,0,4,240.67197,-8.829,0.966271,0.641703
SOYSDUC13FA4B4FDDB,"Danny’s Song (The Voice Performance)","The Swon Brothers",ARRJNVQ122ECCBA586,"studio, electric, vocal",1,0.557748,0.132626,139.837,0.030396,0.129407,0,1,4,205.63955,-5.943,0.385957,0.516344
SOYSCGX147FA79466A,"Fade Out Lines - Marcapasos Remix","The Avener",ARHNOTL141EC88437C,"remix, studio, electric, vocal",11,0.608612,0.047498,119.996,0.036753,0.018178,0.378699,1,4,354,-7.201,0.726431,0.870613
SOYRZXB13D0D1AC027,"Şansin Bol Olsun","Hande Yener",ARHEQS81187FB4010B,"studio, vocal",6,0.970709,0.219748,132.949,0.080638,0.51105,1.0E-6,1,4,240.75955,-6.584,0.719499,0.728146
SOYRWUU1462E02B818,"Cheerleader (Felix Jaehn Remix)",Omi,ARZ2B1F1187FB3EAAD,"remix, studio, electric, vocal",4,0.560174,0.05078,117.978,0.043073,0.062181,0.235027,1,4,261.45424,-7.812,0.790691,0.857729
SOYRUNM144912D7EB7,"Eu Faço a Mboa Vibrar (feat. Os Originais)",Badoxa,ARCPRIS1447F935602,"studio, electric, vocal",11,0.662075,0.124972,92.035,0.113861,0.089348,1.0E-6,0,4,253.63034,-5.7,0.654737,0.807906
SOYRPSZ147E97EEB1F,"Your Daddy's Boots","Dustin Lynch",ARIPKYW13544FB4F05,"studio, vocal",9,0.388153,0.080674,140.087,0.029272,0.707545,3.0E-5,1,4,230.51955,-8.799,0.287398,0.642403
SOYRPDD142455C1971,"Chocolate Girl Feat. Ken-U, Micky Rich, Domino Kat From Ent Deal League","SPICY CHOCOLATE",ARLJZID1328CDCFF29,"studio, electric, vocal",0,0.977365,0.282657,120.004,0.050792,0.167985,0,1,4,232.09288,-1.441,0.884794,0.666884
SOYROGN1494CF2B519,"Goodbye Agony","Black Veil Brides",ARKAKXL11EBCD7B27E,"studio, electric, vocal",9,0.923528,0.058772,143.187,0.060165,0.003357,0,0,4,248.6,-3.51,0.324603,0.435603
SOYRLNL144912D961E,Teresinha,Badoxa,ARCPRIS1447F935602,"studio, electric, vocal",4,0.801015,0.055991,109.995,0.196142,0.337059,0,0,4,266.94771,-5.963,0.931717,0.865298
SOYRKKT1312FE00571,"sita ram",Girish,ARYP1181187B9A0B9F,"studio, electric",9,0.395947,0.070126,172.025,0.068232,0.269464,0.366072,1,4,263.15955,-8.85,0.718395,0.741604
SOYRDXR1427BE330F4,"Så mörk är natten","Malena Ernman",ARJBNCS11F4C83DB35,"acoustic, studio",2,0.201957,0.109879,77.791,0.036388,0.911662,0.477959,1,3,219.61288,-17.523,0.042081,0.393236
SOYRDUF135BB8C6922,Jumala,Apulanta,ARTGNOD1187B9B4FB0,"studio, electric, vocal",7,0.592659,0.089484,99.866,0.028583,0.010212,0.000596,1,4,244.65088,-6.824,0.343249,0.553141
SOYRCGE13B24FCDCA2,Pray,Kodaline,ARNYDEE138BF7CCD76,"studio, electric, vocal",1,0.773545,0.117762,118.07,0.049791,0.260685,0.24941,0,4,211.71955,-10.281,0.109551,0.267414
SOYRBYT1482D4763D5,"Haberi Var Mı",Berksan,AROLN4Q1187FB4314F,"studio, electric, vocal",6,0.765723,0.21235,128.038,0.034548,0.010546,1.0E-6,0,4,197.64426,-7.173,0.944099,0.593853